2026-05-28T10:00:49.301+01:00  INFO 17224 --- [terrarent] [restartedMain] com.terrarent.TerraRentApplication       : Starting TerraRentApplication using Java 22.0.2 with PID 17224 (C:\Users\torre\old\Documents\Projects\Hotel Management System\terrarent-backend\target\classes started by torre in C:\Users\torre\old\Documents\Projects\Hotel Management System\terrarent-backend)
2026-05-28T10:00:49.335+01:00 DEBUG 17224 --- [terrarent] [restartedMain] com.terrarent.TerraRentApplication       : Running with Spring Boot v3.2.2, Spring v6.1.3
2026-05-28T10:00:49.338+01:00  INFO 17224 --- [terrarent] [restartedMain] com.terrarent.TerraRentApplication       : No active profile set, falling back to 1 default profile: "default"
2026-05-28T10:00:49.463+01:00  INFO 17224 --- [terrarent] [restartedMain] .e.DevToolsPropertyDefaultsPostProcessor : Devtools property defaults active! Set 'spring.devtools.add-properties' to 'false' to disable
2026-05-28T10:00:49.463+01:00  INFO 17224 --- [terrarent] [restartedMain] .e.DevToolsPropertyDefaultsPostProcessor : For additional web related logging consider setting the 'logging.level.web' property to 'DEBUG'
2026-05-28T10:00:52.397+01:00  INFO 17224 --- [terrarent] [restartedMain] .s.d.r.c.RepositoryConfigurationDelegate : Bootstrapping Spring Data JPA repositories in DEFAULT mode.
2026-05-28T10:00:52.646+01:00  INFO 17224 --- [terrarent] [restartedMain] .s.d.r.c.RepositoryConfigurationDelegate : Finished Spring Data repository scanning in 227 ms. Found 16 JPA repository interfaces.
2026-05-28T10:00:54.396+01:00  INFO 17224 --- [terrarent] [restartedMain] o.s.b.w.embedded.tomcat.TomcatWebServer  : Tomcat initialized with port 8081 (http)
2026-05-28T10:00:54.447+01:00  INFO 17224 --- [terrarent] [restartedMain] o.apache.catalina.core.StandardService   : Starting service [Tomcat]
2026-05-28T10:00:54.448+01:00  INFO 17224 --- [terrarent] [restartedMain] o.apache.catalina.core.StandardEngine    : Starting Servlet engine: [Apache Tomcat/10.1.18]
2026-05-28T10:00:54.690+01:00  INFO 17224 --- [terrarent] [restartedMain] o.a.c.c.C.[Tomcat].[localhost].[/]       : Initializing Spring embedded WebApplicationContext
2026-05-28T10:00:54.691+01:00  INFO 17224 --- [terrarent] [restartedMain] w.s.c.ServletWebServerApplicationContext : Root WebApplicationContext: initialization completed in 5226 ms
2026-05-28T10:00:54.795+01:00  INFO 17224 --- [terrarent] [restartedMain] com.zaxxer.hikari.HikariDataSource       : HikariPool-1 - Starting...
2026-05-28T10:00:55.406+01:00  INFO 17224 --- [terrarent] [restartedMain] com.zaxxer.hikari.pool.HikariPool        : HikariPool-1 - Added connection org.postgresql.jdbc.PgConnection@3c8501a7
2026-05-28T10:00:55.407+01:00  INFO 17224 --- [terrarent] [restartedMain] com.zaxxer.hikari.HikariDataSource       : HikariPool-1 - Start completed.
2026-05-28T10:00:55.421+01:00  INFO 17224 --- [terrarent] [restartedMain] o.s.b.a.h2.H2ConsoleAutoConfiguration    : H2 console available at '/h2-console'. Database available at 'jdbc:postgresql://localhost:5432/terrarent_db'
2026-05-28T10:00:55.752+01:00  INFO 17224 --- [terrarent] [restartedMain] o.hibernate.jpa.internal.util.LogHelper  : HHH000204: Processing PersistenceUnitInfo [name: default]
2026-05-28T10:00:56.011+01:00  INFO 17224 --- [terrarent] [restartedMain] org.hibernate.Version                    : HHH000412: Hibernate ORM core version 6.4.1.Final
2026-05-28T10:00:56.127+01:00  INFO 17224 --- [terrarent] [restartedMain] o.h.c.internal.RegionFactoryInitiator    : HHH000026: Second-level cache disabled
2026-05-28T10:00:56.927+01:00  INFO 17224 --- [terrarent] [restartedMain] o.s.o.j.p.SpringPersistenceUnitInfo      : No LoadTimeWeaver setup: ignoring JPA class transformer
2026-05-28T10:00:57.082+01:00  WARN 17224 --- [terrarent] [restartedMain] org.hibernate.orm.deprecation            : HHH90000025: PostgreSQLDialect does not need to be specified explicitly using 'hibernate.dialect' (remove the property setting and it will be selected by default)
2026-05-28T10:01:00.223+01:00  INFO 17224 --- [terrarent] [restartedMain] o.h.e.t.j.p.i.JtaPlatformInitiator       : HHH000489: No JTA platform available (set 'hibernate.transaction.jta.platform' to enable JTA platform integration)
2026-05-28T10:01:00.748+01:00  WARN 17224 --- [terrarent] [restartedMain] o.h.engine.jdbc.spi.SqlExceptionHelper   : SQL Warning Code: 0, SQLState: 00000
2026-05-28T10:01:00.748+01:00  WARN 17224 --- [terrarent] [restartedMain] o.h.engine.jdbc.spi.SqlExceptionHelper   : constraint "uk_m492b3r7aa2c88y156nvic16s" of relation "amenities" does not exist, skipping
2026-05-28T10:01:00.763+01:00  WARN 17224 --- [terrarent] [restartedMain] o.h.engine.jdbc.spi.SqlExceptionHelper   : SQL Warning Code: 0, SQLState: 00000
2026-05-28T10:01:00.763+01:00  WARN 17224 --- [terrarent] [restartedMain] o.h.engine.jdbc.spi.SqlExceptionHelper   : constraint "ukaim7d1q7m9y72a1hp9pyhm1oa" of relation "applications" does not exist, skipping
2026-05-28T10:01:00.780+01:00  WARN 17224 --- [terrarent] [restartedMain] o.h.engine.jdbc.spi.SqlExceptionHelper   : SQL Warning Code: 0, SQLState: 00000
2026-05-28T10:01:00.780+01:00  WARN 17224 --- [terrarent] [restartedMain] o.h.engine.jdbc.spi.SqlExceptionHelper   : constraint "ukag4pnevdahmu1xwcyr29m5lb2" of relation "bookings" does not exist, skipping
2026-05-28T10:01:00.790+01:00  WARN 17224 --- [terrarent] [restartedMain] o.h.engine.jdbc.spi.SqlExceptionHelper   : SQL Warning Code: 0, SQLState: 00000
2026-05-28T10:01:00.791+01:00  WARN 17224 --- [terrarent] [restartedMain] o.h.engine.jdbc.spi.SqlExceptionHelper   : constraint "ukrxli97jecp3k11h4qbsm82mlw" of relation "conversations" does not exist, skipping
2026-05-28T10:01:00.800+01:00  WARN 17224 --- [terrarent] [restartedMain] o.h.engine.jdbc.spi.SqlExceptionHelper   : SQL Warning Code: 0, SQLState: 00000
2026-05-28T10:01:00.800+01:00  WARN 17224 --- [terrarent] [restartedMain] o.h.engine.jdbc.spi.SqlExceptionHelper   : constraint "uk92dsr59wxd8body9dqqb1v27f" of relation "favorites" does not exist, skipping
2026-05-28T10:01:00.809+01:00  WARN 17224 --- [terrarent] [restartedMain] o.h.engine.jdbc.spi.SqlExceptionHelper   : SQL Warning Code: 0, SQLState: 00000
2026-05-28T10:01:00.810+01:00  WARN 17224 --- [terrarent] [restartedMain] o.h.engine.jdbc.spi.SqlExceptionHelper   : constraint "ukd8xfgbm5ebpxsa03iokil73e6" of relation "featured_properties" does not exist, skipping
2026-05-28T10:01:00.818+01:00  WARN 17224 --- [terrarent] [restartedMain] o.h.engine.jdbc.spi.SqlExceptionHelper   : SQL Warning Code: 0, SQLState: 00000
2026-05-28T10:01:00.818+01:00  WARN 17224 --- [terrarent] [restartedMain] o.h.engine.jdbc.spi.SqlExceptionHelper   : constraint "uk_i9vf4sw19qfox6v7f4c5u2biu" of relation "negotiations" does not exist, skipping
2026-05-28T10:01:00.827+01:00  WARN 17224 --- [terrarent] [restartedMain] o.h.engine.jdbc.spi.SqlExceptionHelper   : SQL Warning Code: 0, SQLState: 00000
2026-05-28T10:01:00.827+01:00  WARN 17224 --- [terrarent] [restartedMain] o.h.engine.jdbc.spi.SqlExceptionHelper   : constraint "uk_79lmo1auu1sb28gaut5pjnrqk" of relation "properties" does not exist, skipping
2026-05-28T10:01:00.836+01:00  WARN 17224 --- [terrarent] [restartedMain] o.h.engine.jdbc.spi.SqlExceptionHelper   : SQL Warning Code: 0, SQLState: 00000
2026-05-28T10:01:00.836+01:00  WARN 17224 --- [terrarent] [restartedMain] o.h.engine.jdbc.spi.SqlExceptionHelper   : constraint "uklbtkqcj5hwswmvb9v0idl0l3m" of relation "reviews" does not exist, skipping
2026-05-28T10:01:00.844+01:00  WARN 17224 --- [terrarent] [restartedMain] o.h.engine.jdbc.spi.SqlExceptionHelper   : SQL Warning Code: 0, SQLState: 00000
2026-05-28T10:01:00.844+01:00  WARN 17224 --- [terrarent] [restartedMain] o.h.engine.jdbc.spi.SqlExceptionHelper   : constraint "uk_ofx66keruapi6vyqpv6f2or37" of relation "roles" does not exist, skipping
2026-05-28T10:01:00.852+01:00  WARN 17224 --- [terrarent] [restartedMain] o.h.engine.jdbc.spi.SqlExceptionHelper   : SQL Warning Code: 0, SQLState: 00000
2026-05-28T10:01:00.853+01:00  WARN 17224 --- [terrarent] [restartedMain] o.h.engine.jdbc.spi.SqlExceptionHelper   : constraint "ukqdf5efbur4co80ooqgb2ftmpn" of relation "tours" does not exist, skipping
2026-05-28T10:01:00.875+01:00  WARN 17224 --- [terrarent] [restartedMain] o.h.engine.jdbc.spi.SqlExceptionHelper   : SQL Warning Code: 0, SQLState: 00000
2026-05-28T10:01:00.876+01:00  WARN 17224 --- [terrarent] [restartedMain] o.h.engine.jdbc.spi.SqlExceptionHelper   : constraint "uk_6dotkott2kjsp8vw4d0m25fb7" of relation "users" does not exist, skipping
2026-05-28T10:01:00.891+01:00  WARN 17224 --- [terrarent] [restartedMain] o.h.engine.jdbc.spi.SqlExceptionHelper   : SQL Warning Code: 0, SQLState: 00000
2026-05-28T10:01:00.892+01:00  WARN 17224 --- [terrarent] [restartedMain] o.h.engine.jdbc.spi.SqlExceptionHelper   : constraint "uk_8b4kik2w5nrf06bnicj5yhtr4" of relation "verifications" does not exist, skipping
2026-05-28T10:01:01.142+01:00  INFO 17224 --- [terrarent] [restartedMain] j.LocalContainerEntityManagerFactoryBean : Initialized JPA EntityManagerFactory for persistence unit 'default'
2026-05-28T10:01:01.982+01:00 DEBUG 17224 --- [terrarent] [restartedMain] c.t.config.JwtAuthenticationFilter       : Filter 'jwtAuthenticationFilter' configured for use
2026-05-28T10:01:02.485+01:00  INFO 17224 --- [terrarent] [restartedMain] o.s.d.j.r.query.QueryEnhancerFactory     : Hibernate is in classpath; If applicable, HQL parser will be used.
2026-05-28T10:01:04.743+01:00  WARN 17224 --- [terrarent] [restartedMain] JpaBaseConfiguration$JpaWebConfiguration : spring.jpa.open-in-view is enabled by default. Therefore, database queries may be performed during view rendering. Explicitly configure spring.jpa.open-in-view to disable this warning
2026-05-28T10:01:05.652+01:00  INFO 17224 --- [terrarent] [restartedMain] o.s.s.web.DefaultSecurityFilterChain     : Will secure any request with [org.springframework.security.web.session.DisableEncodeUrlFilter@2c85bcbf, org.springframework.security.web.context.request.async.WebAsyncManagerIntegrationFilter@49246af9, org.springframework.security.web.context.SecurityContextHolderFilter@5deccd13, org.springframework.security.web.header.HeaderWriterFilter@385df80a, org.springframework.web.filter.CorsFilter@775c1e01, org.springframework.security.web.authentication.logout.LogoutFilter@3c04959, com.terrarent.config.JwtAuthenticationFilter@e434991, org.springframework.security.web.savedrequest.RequestCacheAwareFilter@f85de5c, org.springframework.security.web.servletapi.SecurityContextHolderAwareRequestFilter@4fa9a998, org.springframework.security.web.authentication.AnonymousAuthenticationFilter@19690791, org.springframework.security.web.session.SessionManagementFilter@648eba5, org.springframework.security.web.access.ExceptionTranslationFilter@6fd32753, org.springframework.security.web.access.intercept.AuthorizationFilter@565d1377]
2026-05-28T10:01:06.507+01:00  INFO 17224 --- [terrarent] [restartedMain] o.s.b.d.a.OptionalLiveReloadServer       : LiveReload server is running on port 35729
2026-05-28T10:01:06.571+01:00  INFO 17224 --- [terrarent] [restartedMain] o.s.b.w.embedded.tomcat.TomcatWebServer  : Tomcat started on port 8081 (http) with context path ''
2026-05-28T10:01:06.582+01:00  INFO 17224 --- [terrarent] [restartedMain] com.terrarent.TerraRentApplication       : Started TerraRentApplication in 18.607 seconds (process running for 20.196)
2026-05-28T10:01:06.891+01:00  INFO 17224 --- [terrarent] [restartedMain] .s.b.a.l.ConditionEvaluationReportLogger : 

Error starting ApplicationContext. To display the condition evaluation report re-run your application with 'debug' enabled.
2026-05-28T10:01:06.930+01:00 ERROR 17224 --- [terrarent] [restartedMain] o.s.boot.SpringApplication               : Application run failed

java.lang.RuntimeException: ROLE_ADMIN not found
	at com.terrarent.config.AdminSeeder.lambda$0(AdminSeeder.java:32) ~[classes/:na]
	at java.base/java.util.Optional.orElseThrow(Optional.java:403) ~[na:na]
	at com.terrarent.config.AdminSeeder.run(AdminSeeder.java:32) ~[classes/:na]
	at org.springframework.boot.SpringApplication.lambda$callRunner$5(SpringApplication.java:790) ~[spring-boot-3.2.2.jar:3.2.2]
	at org.springframework.util.function.ThrowingConsumer$1.acceptWithException(ThrowingConsumer.java:83) ~[spring-core-6.1.3.jar:6.1.3]
	at org.springframework.util.function.ThrowingConsumer.accept(ThrowingConsumer.java:60) ~[spring-core-6.1.3.jar:6.1.3]
	at org.springframework.util.function.ThrowingConsumer$1.accept(ThrowingConsumer.java:88) ~[spring-core-6.1.3.jar:6.1.3]
	at org.springframework.boot.SpringApplication.callRunner(SpringApplication.java:798) ~[spring-boot-3.2.2.jar:3.2.2]
	at org.springframework.boot.SpringApplication.callRunner(SpringApplication.java:789) ~[spring-boot-3.2.2.jar:3.2.2]
	at org.springframework.boot.SpringApplication.lambda$callRunners$3(SpringApplication.java:774) ~[spring-boot-3.2.2.jar:3.2.2]
	at java.base/java.util.stream.ForEachOps$ForEachOp$OfRef.accept(ForEachOps.java:184) ~[na:na]
	at java.base/java.util.stream.SortedOps$SizedRefSortingSink.end(SortedOps.java:357) ~[na:na]
	at java.base/java.util.stream.AbstractPipeline.copyInto(AbstractPipeline.java:557) ~[na:na]
	at java.base/java.util.stream.AbstractPipeline.wrapAndCopyInto(AbstractPipeline.java:546) ~[na:na]
	at java.base/java.util.stream.ForEachOps$ForEachOp.evaluateSequential(ForEachOps.java:151) ~[na:na]
	at java.base/java.util.stream.ForEachOps$ForEachOp$OfRef.evaluateSequential(ForEachOps.java:174) ~[na:na]
	at java.base/java.util.stream.AbstractPipeline.evaluate(AbstractPipeline.java:265) ~[na:na]
	at java.base/java.util.stream.ReferencePipeline.forEach(ReferencePipeline.java:611) ~[na:na]
	at org.springframework.boot.SpringApplication.callRunners(SpringApplication.java:774) ~[spring-boot-3.2.2.jar:3.2.2]
	at org.springframework.boot.SpringApplication.run(SpringApplication.java:341) ~[spring-boot-3.2.2.jar:3.2.2]
	at org.springframework.boot.SpringApplication.run(SpringApplication.java:1354) ~[spring-boot-3.2.2.jar:3.2.2]
	at org.springframework.boot.SpringApplication.run(SpringApplication.java:1343) ~[spring-boot-3.2.2.jar:3.2.2]
	at com.terrarent.TerraRentApplication.main(TerraRentApplication.java:10) ~[classes/:na]
	at java.base/jdk.internal.reflect.DirectMethodHandleAccessor.invoke(DirectMethodHandleAccessor.java:103) ~[na:na]
	at java.base/java.lang.reflect.Method.invoke(Method.java:580) ~[na:na]
	at org.springframework.boot.devtools.restart.RestartLauncher.run(RestartLauncher.java:50) ~[spring-boot-devtools-3.2.2.jar:3.2.2]

2026-05-28T10:01:06.963+01:00  INFO 17224 --- [terrarent] [restartedMain] j.LocalContainerEntityManagerFactoryBean : Closing JPA EntityManagerFactory for persistence unit 'default'
2026-05-28T10:01:06.973+01:00  INFO 17224 --- [terrarent] [restartedMain] com.zaxxer.hikari.HikariDataSource       : HikariPool-1 - Shutdown initiated...
2026-05-28T10:01:06.979+01:00  INFO 17224 --- [terrarent] [restartedMain] com.zaxxer.hikari.HikariDataSource       : HikariPool-1 - Shutdown completed.
2026-05-28T10:01:51.246+01:00  INFO 20424 --- [terrarent] [restartedMain] com.terrarent.TerraRentApplication       : Starting TerraRentApplication using Java 17.0.12 with PID 20424 (C:\Users\torre\old\Documents\Projects\Hotel Management System\terrarent-backend\target\classes started by torre in C:\Users\torre\old\Documents\Projects\Hotel Management System\terrarent-backend)
2026-05-28T10:01:51.251+01:00 DEBUG 20424 --- [terrarent] [restartedMain] com.terrarent.TerraRentApplication       : Running with Spring Boot v3.2.2, Spring v6.1.3
2026-05-28T10:01:51.252+01:00  INFO 20424 --- [terrarent] [restartedMain] com.terrarent.TerraRentApplication       : No active profile set, falling back to 1 default profile: "default"
2026-05-28T10:01:51.300+01:00  INFO 20424 --- [terrarent] [restartedMain] .e.DevToolsPropertyDefaultsPostProcessor : Devtools property defaults active! Set 'spring.devtools.add-properties' to 'false' to disable
2026-05-28T10:01:51.308+01:00  INFO 20424 --- [terrarent] [restartedMain] .e.DevToolsPropertyDefaultsPostProcessor : For additional web related logging consider setting the 'logging.level.web' property to 'DEBUG'
2026-05-28T10:01:52.424+01:00  INFO 20424 --- [terrarent] [restartedMain] .s.d.r.c.RepositoryConfigurationDelegate : Bootstrapping Spring Data JPA repositories in DEFAULT mode.
2026-05-28T10:01:52.589+01:00  INFO 20424 --- [terrarent] [restartedMain] .s.d.r.c.RepositoryConfigurationDelegate : Finished Spring Data repository scanning in 144 ms. Found 16 JPA repository interfaces.
2026-05-28T10:01:53.690+01:00  INFO 20424 --- [terrarent] [restartedMain] o.s.b.w.embedded.tomcat.TomcatWebServer  : Tomcat initialized with port 8081 (http)
2026-05-28T10:01:53.726+01:00  INFO 20424 --- [terrarent] [restartedMain] o.apache.catalina.core.StandardService   : Starting service [Tomcat]
2026-05-28T10:01:53.729+01:00  INFO 20424 --- [terrarent] [restartedMain] o.apache.catalina.core.StandardEngine    : Starting Servlet engine: [Apache Tomcat/10.1.18]
2026-05-28T10:01:53.810+01:00  INFO 20424 --- [terrarent] [restartedMain] o.a.c.c.C.[Tomcat].[localhost].[/]       : Initializing Spring embedded WebApplicationContext
2026-05-28T10:01:53.813+01:00  INFO 20424 --- [terrarent] [restartedMain] w.s.c.ServletWebServerApplicationContext : Root WebApplicationContext: initialization completed in 2501 ms
2026-05-28T10:01:53.845+01:00  INFO 20424 --- [terrarent] [restartedMain] com.zaxxer.hikari.HikariDataSource       : HikariPool-1 - Starting...
2026-05-28T10:01:54.577+01:00  INFO 20424 --- [terrarent] [restartedMain] com.zaxxer.hikari.pool.HikariPool        : HikariPool-1 - Added connection conn0: url=jdbc:h2:mem:terrarentdb user=SA
2026-05-28T10:01:54.582+01:00  INFO 20424 --- [terrarent] [restartedMain] com.zaxxer.hikari.HikariDataSource       : HikariPool-1 - Start completed.
2026-05-28T10:01:54.594+01:00  INFO 20424 --- [terrarent] [restartedMain] o.s.b.a.h2.H2ConsoleAutoConfiguration    : H2 console available at '/h2-console'. Database available at 'jdbc:h2:mem:terrarentdb'
2026-05-28T10:01:54.715+01:00  INFO 20424 --- [terrarent] [restartedMain] o.hibernate.jpa.internal.util.LogHelper  : HHH000204: Processing PersistenceUnitInfo [name: default]
2026-05-28T10:01:54.776+01:00  INFO 20424 --- [terrarent] [restartedMain] org.hibernate.Version                    : HHH000412: Hibernate ORM core version 6.4.1.Final
2026-05-28T10:01:54.808+01:00  INFO 20424 --- [terrarent] [restartedMain] o.h.c.internal.RegionFactoryInitiator    : HHH000026: Second-level cache disabled
2026-05-28T10:01:55.074+01:00  INFO 20424 --- [terrarent] [restartedMain] o.s.o.j.p.SpringPersistenceUnitInfo      : No LoadTimeWeaver setup: ignoring JPA class transformer
2026-05-28T10:01:55.128+01:00  WARN 20424 --- [terrarent] [restartedMain] org.hibernate.orm.deprecation            : HHH90000025: H2Dialect does not need to be specified explicitly using 'hibernate.dialect' (remove the property setting and it will be selected by default)
2026-05-28T10:01:56.575+01:00  INFO 20424 --- [terrarent] [restartedMain] o.h.e.t.j.p.i.JtaPlatformInitiator       : HHH000489: No JTA platform available (set 'hibernate.transaction.jta.platform' to enable JTA platform integration)
2026-05-28T10:01:56.752+01:00  INFO 20424 --- [terrarent] [restartedMain] j.LocalContainerEntityManagerFactoryBean : Initialized JPA EntityManagerFactory for persistence unit 'default'
2026-05-28T10:01:57.099+01:00 DEBUG 20424 --- [terrarent] [restartedMain] c.t.config.JwtAuthenticationFilter       : Filter 'jwtAuthenticationFilter' configured for use
2026-05-28T10:01:57.467+01:00  INFO 20424 --- [terrarent] [restartedMain] o.s.d.j.r.query.QueryEnhancerFactory     : Hibernate is in classpath; If applicable, HQL parser will be used.
2026-05-28T10:01:58.355+01:00  WARN 20424 --- [terrarent] [restartedMain] JpaBaseConfiguration$JpaWebConfiguration : spring.jpa.open-in-view is enabled by default. Therefore, database queries may be performed during view rendering. Explicitly configure spring.jpa.open-in-view to disable this warning
2026-05-28T10:01:58.740+01:00  INFO 20424 --- [terrarent] [restartedMain] o.s.s.web.DefaultSecurityFilterChain     : Will secure any request with [org.springframework.security.web.session.DisableEncodeUrlFilter@2c245530, org.springframework.security.web.context.request.async.WebAsyncManagerIntegrationFilter@3671d73a, org.springframework.security.web.context.SecurityContextHolderFilter@2a23378f, org.springframework.security.web.header.HeaderWriterFilter@1df93c7f, org.springframework.web.filter.CorsFilter@732c6e5c, org.springframework.security.web.authentication.logout.LogoutFilter@4cc484d0, com.terrarent.config.JwtAuthenticationFilter@18d531e4, org.springframework.security.web.savedrequest.RequestCacheAwareFilter@7b24624e, org.springframework.security.web.servletapi.SecurityContextHolderAwareRequestFilter@39d4cddb, org.springframework.security.web.authentication.AnonymousAuthenticationFilter@7011cbef, org.springframework.security.web.session.SessionManagementFilter@2e0896eb, org.springframework.security.web.access.ExceptionTranslationFilter@ef29cb6, org.springframework.security.web.access.intercept.AuthorizationFilter@47604f1f]
2026-05-28T10:01:59.180+01:00  INFO 20424 --- [terrarent] [restartedMain] o.s.b.d.a.OptionalLiveReloadServer       : LiveReload server is running on port 35729
2026-05-28T10:01:59.242+01:00  INFO 20424 --- [terrarent] [restartedMain] o.s.b.w.embedded.tomcat.TomcatWebServer  : Tomcat started on port 8081 (http) with context path ''
2026-05-28T10:01:59.259+01:00  INFO 20424 --- [terrarent] [restartedMain] com.terrarent.TerraRentApplication       : Started TerraRentApplication in 8.665 seconds (process running for 9.256)
2026-05-28T10:05:25.825+01:00  INFO 20424 --- [terrarent] [http-nio-8081-exec-1] o.a.c.c.C.[Tomcat].[localhost].[/]       : Initializing Spring DispatcherServlet 'dispatcherServlet'
2026-05-28T10:05:25.828+01:00  INFO 20424 --- [terrarent] [http-nio-8081-exec-1] o.s.web.servlet.DispatcherServlet        : Initializing Servlet 'dispatcherServlet'
2026-05-28T10:05:25.831+01:00  INFO 20424 --- [terrarent] [http-nio-8081-exec-1] o.s.web.servlet.DispatcherServlet        : Completed initialization in 3 ms
2026-05-28T10:05:26.216+01:00  INFO 20424 --- [terrarent] [http-nio-8081-exec-2] com.terrarent.service.EmailService       : Sending verification email to okuborchinonye@gmail.com with code: 147662
2026-05-28T10:07:38.822+01:00  INFO 20424 --- [terrarent] [http-nio-8081-exec-8] o.apache.tomcat.util.http.parser.Cookie  : A cookie header was received [g_state={"i_l":0,"i_ll":1773091385309,"i_b":"9FXXEXBbzQAkYrS+I0wjnQ/R6Yiqw86ItDVzWfMIS7w","i_e":{"enable_itp_optimization":1}}] that contained an invalid cookie. That cookie will be ignored.
 Note: further occurrences of this error will be logged at DEBUG level.
2026-05-28T10:07:42.044+01:00  INFO 20424 --- [terrarent] [http-nio-8081-exec-10] o.springdoc.api.AbstractOpenApiResource  : Init duration for springdoc-openapi is: 2177 ms
2026-05-28T10:09:42.702+01:00  INFO 20424 --- [terrarent] [File Watcher] rtingClassPathChangeChangedEventListener : Restarting due to 1 class path change (0 additions, 0 deletions, 1 modification)
2026-05-28T10:09:42.742+01:00  INFO 20424 --- [terrarent] [Thread-5] j.LocalContainerEntityManagerFactoryBean : Closing JPA EntityManagerFactory for persistence unit 'default'
2026-05-28T10:09:42.757+01:00  WARN 20424 --- [terrarent] [Thread-5] o.s.b.f.support.DisposableBeanAdapter    : Invocation of destroy method failed on bean with name 'inMemoryDatabaseShutdownExecutor': org.h2.jdbc.JdbcSQLNonTransientConnectionException: Database is already closed (to disable automatic closing at VM shutdown, add ";DB_CLOSE_ON_EXIT=FALSE" to the db URL) [90121-224]
2026-05-28T10:09:42.758+01:00  INFO 20424 --- [terrarent] [Thread-5] com.zaxxer.hikari.HikariDataSource       : HikariPool-1 - Shutdown initiated...
2026-05-28T10:09:42.759+01:00  INFO 20424 --- [terrarent] [Thread-5] com.zaxxer.hikari.HikariDataSource       : HikariPool-1 - Shutdown completed.
2026-05-28T10:09:42.888+01:00  INFO 20424 --- [terrarent] [restartedMain] com.terrarent.TerraRentApplication       : Starting TerraRentApplication using Java 17.0.12 with PID 20424 (C:\Users\torre\old\Documents\Projects\Hotel Management System\terrarent-backend\target\classes started by torre in C:\Users\torre\old\Documents\Projects\Hotel Management System\terrarent-backend)
2026-05-28T10:09:42.889+01:00 DEBUG 20424 --- [terrarent] [restartedMain] com.terrarent.TerraRentApplication       : Running with Spring Boot v3.2.2, Spring v6.1.3
2026-05-28T10:09:42.889+01:00  INFO 20424 --- [terrarent] [restartedMain] com.terrarent.TerraRentApplication       : No active profile set, falling back to 1 default profile: "default"
2026-05-28T10:09:43.311+01:00  INFO 20424 --- [terrarent] [restartedMain] .s.d.r.c.RepositoryConfigurationDelegate : Bootstrapping Spring Data JPA repositories in DEFAULT mode.
2026-05-28T10:09:43.376+01:00  INFO 20424 --- [terrarent] [restartedMain] .s.d.r.c.RepositoryConfigurationDelegate : Finished Spring Data repository scanning in 65 ms. Found 16 JPA repository interfaces.
2026-05-28T10:09:43.633+01:00  INFO 20424 --- [terrarent] [restartedMain] o.s.b.w.embedded.tomcat.TomcatWebServer  : Tomcat initialized with port 8081 (http)
2026-05-28T10:09:43.635+01:00  INFO 20424 --- [terrarent] [restartedMain] o.apache.catalina.core.StandardService   : Starting service [Tomcat]
2026-05-28T10:09:43.636+01:00  INFO 20424 --- [terrarent] [restartedMain] o.apache.catalina.core.StandardEngine    : Starting Servlet engine: [Apache Tomcat/10.1.18]
2026-05-28T10:09:43.681+01:00  INFO 20424 --- [terrarent] [restartedMain] o.a.c.c.C.[Tomcat].[localhost].[/]       : Initializing Spring embedded WebApplicationContext
2026-05-28T10:09:43.682+01:00  INFO 20424 --- [terrarent] [restartedMain] w.s.c.ServletWebServerApplicationContext : Root WebApplicationContext: initialization completed in 790 ms
2026-05-28T10:09:43.753+01:00  INFO 20424 --- [terrarent] [restartedMain] com.zaxxer.hikari.HikariDataSource       : HikariPool-2 - Starting...
2026-05-28T10:09:43.760+01:00  INFO 20424 --- [terrarent] [restartedMain] com.zaxxer.hikari.pool.HikariPool        : HikariPool-2 - Added connection conn10: url=jdbc:h2:mem:terrarentdb user=SA
2026-05-28T10:09:43.761+01:00  INFO 20424 --- [terrarent] [restartedMain] com.zaxxer.hikari.HikariDataSource       : HikariPool-2 - Start completed.
2026-05-28T10:09:43.761+01:00  INFO 20424 --- [terrarent] [restartedMain] o.s.b.a.h2.H2ConsoleAutoConfiguration    : H2 console available at '/h2-console'. Database available at 'jdbc:h2:mem:terrarentdb'
2026-05-28T10:09:43.896+01:00  INFO 20424 --- [terrarent] [restartedMain] o.hibernate.jpa.internal.util.LogHelper  : HHH000204: Processing PersistenceUnitInfo [name: default]
2026-05-28T10:09:43.901+01:00  INFO 20424 --- [terrarent] [restartedMain] o.h.c.internal.RegionFactoryInitiator    : HHH000026: Second-level cache disabled
2026-05-28T10:09:43.918+01:00  INFO 20424 --- [terrarent] [restartedMain] o.s.o.j.p.SpringPersistenceUnitInfo      : No LoadTimeWeaver setup: ignoring JPA class transformer
2026-05-28T10:09:43.926+01:00  WARN 20424 --- [terrarent] [restartedMain] org.hibernate.orm.deprecation            : HHH90000025: H2Dialect does not need to be specified explicitly using 'hibernate.dialect' (remove the property setting and it will be selected by default)
2026-05-28T10:09:44.436+01:00  INFO 20424 --- [terrarent] [restartedMain] o.h.e.t.j.p.i.JtaPlatformInitiator       : HHH000489: No JTA platform available (set 'hibernate.transaction.jta.platform' to enable JTA platform integration)
2026-05-28T10:09:44.508+01:00  INFO 20424 --- [terrarent] [restartedMain] j.LocalContainerEntityManagerFactoryBean : Initialized JPA EntityManagerFactory for persistence unit 'default'
2026-05-28T10:09:44.637+01:00 DEBUG 20424 --- [terrarent] [restartedMain] c.t.config.JwtAuthenticationFilter       : Filter 'jwtAuthenticationFilter' configured for use
2026-05-28T10:09:45.744+01:00  WARN 20424 --- [terrarent] [restartedMain] JpaBaseConfiguration$JpaWebConfiguration : spring.jpa.open-in-view is enabled by default. Therefore, database queries may be performed during view rendering. Explicitly configure spring.jpa.open-in-view to disable this warning
2026-05-28T10:09:45.946+01:00  INFO 20888 --- [terrarent] [restartedMain] com.terrarent.TerraRentApplication       : Starting TerraRentApplication using Java 22.0.2 with PID 20888 (C:\Users\torre\old\Documents\Projects\Hotel Management System\terrarent-backend\target\classes started by torre in C:\Users\torre\old\Documents\Projects\Hotel Management System\terrarent-backend)
2026-05-28T10:09:45.948+01:00 DEBUG 20888 --- [terrarent] [restartedMain] com.terrarent.TerraRentApplication       : Running with Spring Boot v3.2.2, Spring v6.1.3
2026-05-28T10:09:45.950+01:00  INFO 20888 --- [terrarent] [restartedMain] com.terrarent.TerraRentApplication       : No active profile set, falling back to 1 default profile: "default"
2026-05-28T10:09:46.024+01:00  INFO 20424 --- [terrarent] [restartedMain] o.s.s.web.DefaultSecurityFilterChain     : Will secure any request with [org.springframework.security.web.session.DisableEncodeUrlFilter@63c81344, org.springframework.security.web.context.request.async.WebAsyncManagerIntegrationFilter@687084b2, org.springframework.security.web.context.SecurityContextHolderFilter@3dbc4acd, org.springframework.security.web.header.HeaderWriterFilter@401f12d7, org.springframework.web.filter.CorsFilter@4fa68aed, org.springframework.security.web.authentication.logout.LogoutFilter@4bccc9ac, com.terrarent.config.JwtAuthenticationFilter@5c68d9d8, org.springframework.security.web.savedrequest.RequestCacheAwareFilter@314e8b68, org.springframework.security.web.servletapi.SecurityContextHolderAwareRequestFilter@9ffbe3c, org.springframework.security.web.authentication.AnonymousAuthenticationFilter@20b9295e, org.springframework.security.web.session.SessionManagementFilter@5721f5e0, org.springframework.security.web.access.ExceptionTranslationFilter@733ff83a, org.springframework.security.web.access.intercept.AuthorizationFilter@4ee4329d]
2026-05-28T10:09:46.045+01:00  INFO 20888 --- [terrarent] [restartedMain] .e.DevToolsPropertyDefaultsPostProcessor : Devtools property defaults active! Set 'spring.devtools.add-properties' to 'false' to disable
2026-05-28T10:09:46.046+01:00  INFO 20888 --- [terrarent] [restartedMain] .e.DevToolsPropertyDefaultsPostProcessor : For additional web related logging consider setting the 'logging.level.web' property to 'DEBUG'
2026-05-28T10:09:46.448+01:00  INFO 20424 --- [terrarent] [restartedMain] o.s.b.d.a.OptionalLiveReloadServer       : LiveReload server is running on port 35729
2026-05-28T10:09:46.477+01:00  INFO 20424 --- [terrarent] [restartedMain] o.s.b.w.embedded.tomcat.TomcatWebServer  : Tomcat started on port 8081 (http) with context path ''
2026-05-28T10:09:46.487+01:00  INFO 20424 --- [terrarent] [restartedMain] com.terrarent.TerraRentApplication       : Started TerraRentApplication in 3.64 seconds (process running for 476.484)
2026-05-28T10:09:46.715+01:00  INFO 20424 --- [terrarent] [restartedMain] .ConditionEvaluationDeltaLoggingListener : Condition evaluation unchanged
2026-05-28T10:09:47.914+01:00  INFO 20888 --- [terrarent] [restartedMain] .s.d.r.c.RepositoryConfigurationDelegate : Bootstrapping Spring Data JPA repositories in DEFAULT mode.
2026-05-28T10:09:48.204+01:00  INFO 20888 --- [terrarent] [restartedMain] .s.d.r.c.RepositoryConfigurationDelegate : Finished Spring Data repository scanning in 274 ms. Found 16 JPA repository interfaces.
2026-05-28T10:09:49.505+01:00  INFO 20888 --- [terrarent] [restartedMain] o.s.b.w.embedded.tomcat.TomcatWebServer  : Tomcat initialized with port 8081 (http)
2026-05-28T10:09:49.548+01:00  INFO 20888 --- [terrarent] [restartedMain] o.apache.catalina.core.StandardService   : Starting service [Tomcat]
2026-05-28T10:09:49.549+01:00  INFO 20888 --- [terrarent] [restartedMain] o.apache.catalina.core.StandardEngine    : Starting Servlet engine: [Apache Tomcat/10.1.18]
2026-05-28T10:09:49.671+01:00  INFO 20888 --- [terrarent] [restartedMain] o.a.c.c.C.[Tomcat].[localhost].[/]       : Initializing Spring embedded WebApplicationContext
2026-05-28T10:09:49.672+01:00  INFO 20888 --- [terrarent] [restartedMain] w.s.c.ServletWebServerApplicationContext : Root WebApplicationContext: initialization completed in 3625 ms
2026-05-28T10:09:49.726+01:00  INFO 20888 --- [terrarent] [restartedMain] com.zaxxer.hikari.HikariDataSource       : HikariPool-1 - Starting...
2026-05-28T10:09:50.243+01:00  INFO 20888 --- [terrarent] [restartedMain] com.zaxxer.hikari.pool.HikariPool        : HikariPool-1 - Added connection conn0: url=jdbc:h2:mem:terrarentdb user=SA
2026-05-28T10:09:50.245+01:00  INFO 20888 --- [terrarent] [restartedMain] com.zaxxer.hikari.HikariDataSource       : HikariPool-1 - Start completed.
2026-05-28T10:09:50.256+01:00  INFO 20888 --- [terrarent] [restartedMain] o.s.b.a.h2.H2ConsoleAutoConfiguration    : H2 console available at '/h2-console'. Database available at 'jdbc:h2:mem:terrarentdb'
2026-05-28T10:09:50.528+01:00  INFO 20888 --- [terrarent] [restartedMain] o.hibernate.jpa.internal.util.LogHelper  : HHH000204: Processing PersistenceUnitInfo [name: default]
2026-05-28T10:09:50.768+01:00  INFO 20888 --- [terrarent] [restartedMain] org.hibernate.Version                    : HHH000412: Hibernate ORM core version 6.4.1.Final
2026-05-28T10:09:50.903+01:00  INFO 20888 --- [terrarent] [restartedMain] o.h.c.internal.RegionFactoryInitiator    : HHH000026: Second-level cache disabled
2026-05-28T10:09:51.546+01:00  INFO 20888 --- [terrarent] [restartedMain] o.s.o.j.p.SpringPersistenceUnitInfo      : No LoadTimeWeaver setup: ignoring JPA class transformer
2026-05-28T10:09:51.784+01:00  WARN 20888 --- [terrarent] [restartedMain] org.hibernate.orm.deprecation            : HHH90000025: H2Dialect does not need to be specified explicitly using 'hibernate.dialect' (remove the property setting and it will be selected by default)
2026-05-28T10:09:54.839+01:00  INFO 20888 --- [terrarent] [restartedMain] o.h.e.t.j.p.i.JtaPlatformInitiator       : HHH000489: No JTA platform available (set 'hibernate.transaction.jta.platform' to enable JTA platform integration)
2026-05-28T10:09:54.999+01:00  INFO 20888 --- [terrarent] [restartedMain] j.LocalContainerEntityManagerFactoryBean : Initialized JPA EntityManagerFactory for persistence unit 'default'
2026-05-28T10:09:55.559+01:00 DEBUG 20888 --- [terrarent] [restartedMain] c.t.config.JwtAuthenticationFilter       : Filter 'jwtAuthenticationFilter' configured for use
2026-05-28T10:09:55.891+01:00  INFO 20888 --- [terrarent] [restartedMain] o.s.d.j.r.query.QueryEnhancerFactory     : Hibernate is in classpath; If applicable, HQL parser will be used.
2026-05-28T10:09:57.393+01:00  WARN 20888 --- [terrarent] [restartedMain] JpaBaseConfiguration$JpaWebConfiguration : spring.jpa.open-in-view is enabled by default. Therefore, database queries may be performed during view rendering. Explicitly configure spring.jpa.open-in-view to disable this warning
2026-05-28T10:09:57.811+01:00  INFO 20888 --- [terrarent] [restartedMain] o.s.s.web.DefaultSecurityFilterChain     : Will secure any request with [org.springframework.security.web.session.DisableEncodeUrlFilter@7422fdd8, org.springframework.security.web.context.request.async.WebAsyncManagerIntegrationFilter@206a3f02, org.springframework.security.web.context.SecurityContextHolderFilter@4416954e, org.springframework.security.web.header.HeaderWriterFilter@16f82678, org.springframework.web.filter.CorsFilter@587a4c21, org.springframework.security.web.authentication.logout.LogoutFilter@3fcafcb7, com.terrarent.config.JwtAuthenticationFilter@6b0538c9, org.springframework.security.web.savedrequest.RequestCacheAwareFilter@3f69a99a, org.springframework.security.web.servletapi.SecurityContextHolderAwareRequestFilter@3b3a6f01, org.springframework.security.web.authentication.AnonymousAuthenticationFilter@212aef3, org.springframework.security.web.session.SessionManagementFilter@612b8de3, org.springframework.security.web.access.ExceptionTranslationFilter@26ddb2a, org.springframework.security.web.access.intercept.AuthorizationFilter@74d19731]
2026-05-28T10:09:58.387+01:00  WARN 20888 --- [terrarent] [restartedMain] o.s.b.d.a.OptionalLiveReloadServer       : Unable to start LiveReload server
2026-05-28T10:09:58.431+01:00  WARN 20888 --- [terrarent] [restartedMain] ConfigServletWebServerApplicationContext : Exception encountered during context initialization - cancelling refresh attempt: org.springframework.context.ApplicationContextException: Failed to start bean 'webServerStartStop'
2026-05-28T10:09:58.444+01:00  INFO 20888 --- [terrarent] [restartedMain] j.LocalContainerEntityManagerFactoryBean : Closing JPA EntityManagerFactory for persistence unit 'default'
2026-05-28T10:09:58.452+01:00  WARN 20888 --- [terrarent] [restartedMain] o.s.b.f.support.DisposableBeanAdapter    : Invocation of destroy method failed on bean with name 'inMemoryDatabaseShutdownExecutor': org.h2.jdbc.JdbcSQLNonTransientConnectionException: Database is already closed (to disable automatic closing at VM shutdown, add ";DB_CLOSE_ON_EXIT=FALSE" to the db URL) [90121-224]
2026-05-28T10:09:58.452+01:00  INFO 20888 --- [terrarent] [restartedMain] com.zaxxer.hikari.HikariDataSource       : HikariPool-1 - Shutdown initiated...
2026-05-28T10:09:58.455+01:00  INFO 20888 --- [terrarent] [restartedMain] com.zaxxer.hikari.HikariDataSource       : HikariPool-1 - Shutdown completed.
2026-05-28T10:09:58.478+01:00  INFO 20888 --- [terrarent] [restartedMain] .s.b.a.l.ConditionEvaluationReportLogger : 

Error starting ApplicationContext. To display the condition evaluation report re-run your application with 'debug' enabled.
2026-05-28T10:09:58.553+01:00 ERROR 20888 --- [terrarent] [restartedMain] o.s.b.d.LoggingFailureAnalysisReporter   : 

***************************
APPLICATION FAILED TO START
***************************

Description:

Web server failed to start. Port 8081 was already in use.

Action:

Identify and stop the process that's listening on port 8081 or configure this application to listen on another port.

2026-05-28T10:12:36.343+01:00  INFO 20464 --- [terrarent] [restartedMain] com.terrarent.TerraRentApplication       : Starting TerraRentApplication using Java 22.0.2 with PID 20464 (C:\Users\torre\old\Documents\Projects\Hotel Management System\terrarent-backend\target\classes started by torre in C:\Users\torre\old\Documents\Projects\Hotel Management System\terrarent-backend)
2026-05-28T10:12:36.345+01:00 DEBUG 20464 --- [terrarent] [restartedMain] com.terrarent.TerraRentApplication       : Running with Spring Boot v3.2.2, Spring v6.1.3
2026-05-28T10:12:36.347+01:00  INFO 20464 --- [terrarent] [restartedMain] com.terrarent.TerraRentApplication       : No active profile set, falling back to 1 default profile: "default"
2026-05-28T10:12:36.466+01:00  INFO 20464 --- [terrarent] [restartedMain] .e.DevToolsPropertyDefaultsPostProcessor : Devtools property defaults active! Set 'spring.devtools.add-properties' to 'false' to disable
2026-05-28T10:12:36.467+01:00  INFO 20464 --- [terrarent] [restartedMain] .e.DevToolsPropertyDefaultsPostProcessor : For additional web related logging consider setting the 'logging.level.web' property to 'DEBUG'
2026-05-28T10:12:38.284+01:00  INFO 20464 --- [terrarent] [restartedMain] .s.d.r.c.RepositoryConfigurationDelegate : Bootstrapping Spring Data JPA repositories in DEFAULT mode.
2026-05-28T10:12:38.505+01:00  INFO 20464 --- [terrarent] [restartedMain] .s.d.r.c.RepositoryConfigurationDelegate : Finished Spring Data repository scanning in 205 ms. Found 16 JPA repository interfaces.
2026-05-28T10:12:39.790+01:00  INFO 20464 --- [terrarent] [restartedMain] o.s.b.w.embedded.tomcat.TomcatWebServer  : Tomcat initialized with port 8081 (http)
2026-05-28T10:12:39.810+01:00  INFO 20464 --- [terrarent] [restartedMain] o.apache.catalina.core.StandardService   : Starting service [Tomcat]
2026-05-28T10:12:39.811+01:00  INFO 20464 --- [terrarent] [restartedMain] o.apache.catalina.core.StandardEngine    : Starting Servlet engine: [Apache Tomcat/10.1.18]
2026-05-28T10:12:39.925+01:00  INFO 20464 --- [terrarent] [restartedMain] o.a.c.c.C.[Tomcat].[localhost].[/]       : Initializing Spring embedded WebApplicationContext
2026-05-28T10:12:39.926+01:00  INFO 20464 --- [terrarent] [restartedMain] w.s.c.ServletWebServerApplicationContext : Root WebApplicationContext: initialization completed in 3459 ms
2026-05-28T10:12:40.001+01:00  INFO 20464 --- [terrarent] [restartedMain] com.zaxxer.hikari.HikariDataSource       : HikariPool-1 - Starting...
2026-05-28T10:12:40.322+01:00  INFO 20464 --- [terrarent] [restartedMain] com.zaxxer.hikari.pool.HikariPool        : HikariPool-1 - Added connection conn0: url=jdbc:h2:mem:terrarentdb user=SA
2026-05-28T10:12:40.325+01:00  INFO 20464 --- [terrarent] [restartedMain] com.zaxxer.hikari.HikariDataSource       : HikariPool-1 - Start completed.
2026-05-28T10:12:40.350+01:00  INFO 20464 --- [terrarent] [restartedMain] o.s.b.a.h2.H2ConsoleAutoConfiguration    : H2 console available at '/h2-console'. Database available at 'jdbc:h2:mem:terrarentdb'
2026-05-28T10:12:40.621+01:00  INFO 20464 --- [terrarent] [restartedMain] o.hibernate.jpa.internal.util.LogHelper  : HHH000204: Processing PersistenceUnitInfo [name: default]
2026-05-28T10:12:40.731+01:00  INFO 20464 --- [terrarent] [restartedMain] org.hibernate.Version                    : HHH000412: Hibernate ORM core version 6.4.1.Final
2026-05-28T10:12:40.798+01:00  INFO 20464 --- [terrarent] [restartedMain] o.h.c.internal.RegionFactoryInitiator    : HHH000026: Second-level cache disabled
2026-05-28T10:12:41.238+01:00  INFO 20464 --- [terrarent] [restartedMain] o.s.o.j.p.SpringPersistenceUnitInfo      : No LoadTimeWeaver setup: ignoring JPA class transformer
2026-05-28T10:12:41.321+01:00  WARN 20464 --- [terrarent] [restartedMain] org.hibernate.orm.deprecation            : HHH90000025: H2Dialect does not need to be specified explicitly using 'hibernate.dialect' (remove the property setting and it will be selected by default)
2026-05-28T10:12:43.756+01:00  INFO 20464 --- [terrarent] [restartedMain] o.h.e.t.j.p.i.JtaPlatformInitiator       : HHH000489: No JTA platform available (set 'hibernate.transaction.jta.platform' to enable JTA platform integration)
2026-05-28T10:12:43.913+01:00  INFO 20464 --- [terrarent] [restartedMain] j.LocalContainerEntityManagerFactoryBean : Initialized JPA EntityManagerFactory for persistence unit 'default'
2026-05-28T10:12:44.684+01:00 DEBUG 20464 --- [terrarent] [restartedMain] c.t.config.JwtAuthenticationFilter       : Filter 'jwtAuthenticationFilter' configured for use
2026-05-28T10:12:45.059+01:00  INFO 20464 --- [terrarent] [restartedMain] o.s.d.j.r.query.QueryEnhancerFactory     : Hibernate is in classpath; If applicable, HQL parser will be used.
2026-05-28T10:12:46.665+01:00  WARN 20464 --- [terrarent] [restartedMain] JpaBaseConfiguration$JpaWebConfiguration : spring.jpa.open-in-view is enabled by default. Therefore, database queries may be performed during view rendering. Explicitly configure spring.jpa.open-in-view to disable this warning
2026-05-28T10:12:47.165+01:00  INFO 20464 --- [terrarent] [restartedMain] o.s.s.web.DefaultSecurityFilterChain     : Will secure any request with [org.springframework.security.web.session.DisableEncodeUrlFilter@c2d7ad2, org.springframework.security.web.context.request.async.WebAsyncManagerIntegrationFilter@6b75c860, org.springframework.security.web.context.SecurityContextHolderFilter@1b911c8a, org.springframework.security.web.header.HeaderWriterFilter@41889e8d, org.springframework.web.filter.CorsFilter@d51e278, org.springframework.security.web.authentication.logout.LogoutFilter@4d0599e5, com.terrarent.config.JwtAuthenticationFilter@de333af, org.springframework.security.web.savedrequest.RequestCacheAwareFilter@56322ba8, org.springframework.security.web.servletapi.SecurityContextHolderAwareRequestFilter@788db4da, org.springframework.security.web.authentication.AnonymousAuthenticationFilter@11600ec0, org.springframework.security.web.session.SessionManagementFilter@3242c8f, org.springframework.security.web.access.ExceptionTranslationFilter@70c9e905, org.springframework.security.web.access.intercept.AuthorizationFilter@152e7d93]
2026-05-28T10:12:47.764+01:00  INFO 20464 --- [terrarent] [restartedMain] o.s.b.d.a.OptionalLiveReloadServer       : LiveReload server is running on port 35729
2026-05-28T10:12:47.825+01:00  INFO 20464 --- [terrarent] [restartedMain] o.s.b.w.embedded.tomcat.TomcatWebServer  : Tomcat started on port 8081 (http) with context path ''
2026-05-28T10:12:47.843+01:00  INFO 20464 --- [terrarent] [restartedMain] com.terrarent.TerraRentApplication       : Started TerraRentApplication in 12.693 seconds (process running for 13.521)
2026-05-28T10:14:25.105+01:00  INFO 20464 --- [terrarent] [http-nio-8081-exec-1] o.a.c.c.C.[Tomcat].[localhost].[/]       : Initializing Spring DispatcherServlet 'dispatcherServlet'
2026-05-28T10:14:25.106+01:00  INFO 20464 --- [terrarent] [http-nio-8081-exec-1] o.s.web.servlet.DispatcherServlet        : Initializing Servlet 'dispatcherServlet'
2026-05-28T10:14:25.109+01:00  INFO 20464 --- [terrarent] [http-nio-8081-exec-1] o.s.web.servlet.DispatcherServlet        : Completed initialization in 1 ms
2026-05-28T10:14:25.403+01:00  WARN 20464 --- [terrarent] [http-nio-8081-exec-3] .m.m.a.ExceptionHandlerExceptionResolver : Resolved [com.terrarent.exception.ResourceNotFoundException: User not found with email: okuborchinonye@gmail.com]
2026-05-28T10:19:33.196+01:00  INFO 20464 --- [terrarent] [http-nio-8081-exec-10] com.terrarent.service.EmailService       : Sending verification email to okuborchinonye@gmail.com with code: 468219
2026-05-28T10:40:04.676+01:00  INFO 20464 --- [terrarent] [SpringApplicationShutdownHook] j.LocalContainerEntityManagerFactoryBean : Closing JPA EntityManagerFactory for persistence unit 'default'
2026-05-28T10:40:04.696+01:00  WARN 20464 --- [terrarent] [SpringApplicationShutdownHook] o.s.b.f.support.DisposableBeanAdapter    : Invocation of destroy method failed on bean with name 'inMemoryDatabaseShutdownExecutor': org.h2.jdbc.JdbcSQLNonTransientConnectionException: Database is already closed (to disable automatic closing at VM shutdown, add ";DB_CLOSE_ON_EXIT=FALSE" to the db URL) [90121-224]
2026-05-28T10:40:04.697+01:00  INFO 20464 --- [terrarent] [SpringApplicationShutdownHook] com.zaxxer.hikari.HikariDataSource       : HikariPool-1 - Shutdown initiated...
2026-05-28T10:40:04.700+01:00  INFO 20464 --- [terrarent] [SpringApplicationShutdownHook] com.zaxxer.hikari.HikariDataSource       : HikariPool-1 - Shutdown completed.
2026-05-28T10:40:21.015+01:00  INFO 19728 --- [terrarent] [restartedMain] com.terrarent.TerraRentApplication       : Starting TerraRentApplication using Java 22.0.2 with PID 19728 (C:\Users\torre\old\Documents\Projects\Hotel Management System\terrarent-backend\target\classes started by torre in C:\Users\torre\old\Documents\Projects\Hotel Management System\terrarent-backend)
2026-05-28T10:40:21.019+01:00 DEBUG 19728 --- [terrarent] [restartedMain] com.terrarent.TerraRentApplication       : Running with Spring Boot v3.2.2, Spring v6.1.3
2026-05-28T10:40:21.020+01:00  INFO 19728 --- [terrarent] [restartedMain] com.terrarent.TerraRentApplication       : No active profile set, falling back to 1 default profile: "default"
2026-05-28T10:40:21.216+01:00  INFO 19728 --- [terrarent] [restartedMain] .e.DevToolsPropertyDefaultsPostProcessor : Devtools property defaults active! Set 'spring.devtools.add-properties' to 'false' to disable
2026-05-28T10:40:21.218+01:00  INFO 19728 --- [terrarent] [restartedMain] .e.DevToolsPropertyDefaultsPostProcessor : For additional web related logging consider setting the 'logging.level.web' property to 'DEBUG'
2026-05-28T10:40:24.673+01:00  INFO 19728 --- [terrarent] [restartedMain] .s.d.r.c.RepositoryConfigurationDelegate : Bootstrapping Spring Data JPA repositories in DEFAULT mode.
2026-05-28T10:40:25.005+01:00  INFO 19728 --- [terrarent] [restartedMain] .s.d.r.c.RepositoryConfigurationDelegate : Finished Spring Data repository scanning in 307 ms. Found 16 JPA repository interfaces.
2026-05-28T10:40:27.241+01:00  INFO 19728 --- [terrarent] [restartedMain] o.s.b.w.embedded.tomcat.TomcatWebServer  : Tomcat initialized with port 8081 (http)
2026-05-28T10:40:27.306+01:00  INFO 19728 --- [terrarent] [restartedMain] o.apache.catalina.core.StandardService   : Starting service [Tomcat]
2026-05-28T10:40:27.307+01:00  INFO 19728 --- [terrarent] [restartedMain] o.apache.catalina.core.StandardEngine    : Starting Servlet engine: [Apache Tomcat/10.1.18]
2026-05-28T10:40:27.500+01:00  INFO 19728 --- [terrarent] [restartedMain] o.a.c.c.C.[Tomcat].[localhost].[/]       : Initializing Spring embedded WebApplicationContext
2026-05-28T10:40:27.501+01:00  INFO 19728 --- [terrarent] [restartedMain] w.s.c.ServletWebServerApplicationContext : Root WebApplicationContext: initialization completed in 6280 ms
2026-05-28T10:40:27.652+01:00  INFO 19728 --- [terrarent] [restartedMain] com.zaxxer.hikari.HikariDataSource       : HikariPool-1 - Starting...
2026-05-28T10:40:28.547+01:00  INFO 19728 --- [terrarent] [restartedMain] com.zaxxer.hikari.pool.HikariPool        : HikariPool-1 - Added connection conn0: url=jdbc:h2:mem:terrarentdb user=SA
2026-05-28T10:40:28.552+01:00  INFO 19728 --- [terrarent] [restartedMain] com.zaxxer.hikari.HikariDataSource       : HikariPool-1 - Start completed.
2026-05-28T10:40:28.579+01:00  INFO 19728 --- [terrarent] [restartedMain] o.s.b.a.h2.H2ConsoleAutoConfiguration    : H2 console available at '/h2-console'. Database available at 'jdbc:h2:mem:terrarentdb'
2026-05-28T10:40:28.991+01:00  INFO 19728 --- [terrarent] [restartedMain] o.hibernate.jpa.internal.util.LogHelper  : HHH000204: Processing PersistenceUnitInfo [name: default]
2026-05-28T10:40:29.352+01:00  INFO 19728 --- [terrarent] [restartedMain] org.hibernate.Version                    : HHH000412: Hibernate ORM core version 6.4.1.Final
2026-05-28T10:40:29.662+01:00  INFO 19728 --- [terrarent] [restartedMain] o.h.c.internal.RegionFactoryInitiator    : HHH000026: Second-level cache disabled
2026-05-28T10:40:30.664+01:00  INFO 19728 --- [terrarent] [restartedMain] o.s.o.j.p.SpringPersistenceUnitInfo      : No LoadTimeWeaver setup: ignoring JPA class transformer
2026-05-28T10:40:30.918+01:00  WARN 19728 --- [terrarent] [restartedMain] org.hibernate.orm.deprecation            : HHH90000025: H2Dialect does not need to be specified explicitly using 'hibernate.dialect' (remove the property setting and it will be selected by default)
2026-05-28T10:40:32.251+01:00  INFO 17248 --- [terrarent] [restartedMain] com.terrarent.TerraRentApplication       : Starting TerraRentApplication using Java 22.0.2 with PID 17248 (C:\Users\torre\old\Documents\Projects\Hotel Management System\terrarent-backend\target\classes started by torre in C:\Users\torre\old\Documents\Projects\Hotel Management System\terrarent-backend)
2026-05-28T10:40:32.255+01:00 DEBUG 17248 --- [terrarent] [restartedMain] com.terrarent.TerraRentApplication       : Running with Spring Boot v3.2.2, Spring v6.1.3
2026-05-28T10:40:32.257+01:00  INFO 17248 --- [terrarent] [restartedMain] com.terrarent.TerraRentApplication       : No active profile set, falling back to 1 default profile: "default"
2026-05-28T10:40:32.435+01:00  INFO 17248 --- [terrarent] [restartedMain] .e.DevToolsPropertyDefaultsPostProcessor : Devtools property defaults active! Set 'spring.devtools.add-properties' to 'false' to disable
2026-05-28T10:40:32.436+01:00  INFO 17248 --- [terrarent] [restartedMain] .e.DevToolsPropertyDefaultsPostProcessor : For additional web related logging consider setting the 'logging.level.web' property to 'DEBUG'
2026-05-28T10:40:35.813+01:00  INFO 17248 --- [terrarent] [restartedMain] .s.d.r.c.RepositoryConfigurationDelegate : Bootstrapping Spring Data JPA repositories in DEFAULT mode.
2026-05-28T10:40:36.123+01:00  INFO 17248 --- [terrarent] [restartedMain] .s.d.r.c.RepositoryConfigurationDelegate : Finished Spring Data repository scanning in 290 ms. Found 16 JPA repository interfaces.
2026-05-28T10:40:36.593+01:00  INFO 19728 --- [terrarent] [restartedMain] o.h.e.t.j.p.i.JtaPlatformInitiator       : HHH000489: No JTA platform available (set 'hibernate.transaction.jta.platform' to enable JTA platform integration)
2026-05-28T10:40:36.990+01:00  INFO 19728 --- [terrarent] [restartedMain] j.LocalContainerEntityManagerFactoryBean : Initialized JPA EntityManagerFactory for persistence unit 'default'
2026-05-28T10:40:38.884+01:00 DEBUG 19728 --- [terrarent] [restartedMain] c.t.config.JwtAuthenticationFilter       : Filter 'jwtAuthenticationFilter' configured for use
2026-05-28T10:40:39.347+01:00  INFO 17248 --- [terrarent] [restartedMain] o.s.b.w.embedded.tomcat.TomcatWebServer  : Tomcat initialized with port 8081 (http)
2026-05-28T10:40:39.436+01:00  INFO 17248 --- [terrarent] [restartedMain] o.apache.catalina.core.StandardService   : Starting service [Tomcat]
2026-05-28T10:40:39.438+01:00  INFO 17248 --- [terrarent] [restartedMain] o.apache.catalina.core.StandardEngine    : Starting Servlet engine: [Apache Tomcat/10.1.18]
2026-05-28T10:40:39.740+01:00  INFO 17248 --- [terrarent] [restartedMain] o.a.c.c.C.[Tomcat].[localhost].[/]       : Initializing Spring embedded WebApplicationContext
2026-05-28T10:40:39.742+01:00  INFO 17248 --- [terrarent] [restartedMain] w.s.c.ServletWebServerApplicationContext : Root WebApplicationContext: initialization completed in 7303 ms
2026-05-28T10:40:39.999+01:00  INFO 17248 --- [terrarent] [restartedMain] com.zaxxer.hikari.HikariDataSource       : HikariPool-1 - Starting...
2026-05-28T10:40:40.255+01:00  INFO 19728 --- [terrarent] [restartedMain] o.s.d.j.r.query.QueryEnhancerFactory     : Hibernate is in classpath; If applicable, HQL parser will be used.
2026-05-28T10:40:40.943+01:00  INFO 17248 --- [terrarent] [restartedMain] com.zaxxer.hikari.pool.HikariPool        : HikariPool-1 - Added connection conn0: url=jdbc:h2:mem:terrarentdb user=SA
2026-05-28T10:40:40.972+01:00  INFO 17248 --- [terrarent] [restartedMain] com.zaxxer.hikari.HikariDataSource       : HikariPool-1 - Start completed.
2026-05-28T10:40:41.018+01:00  INFO 17248 --- [terrarent] [restartedMain] o.s.b.a.h2.H2ConsoleAutoConfiguration    : H2 console available at '/h2-console'. Database available at 'jdbc:h2:mem:terrarentdb'
2026-05-28T10:40:41.422+01:00  INFO 17248 --- [terrarent] [restartedMain] o.hibernate.jpa.internal.util.LogHelper  : HHH000204: Processing PersistenceUnitInfo [name: default]
2026-05-28T10:40:41.730+01:00  INFO 17248 --- [terrarent] [restartedMain] org.hibernate.Version                    : HHH000412: Hibernate ORM core version 6.4.1.Final
2026-05-28T10:40:41.844+01:00  INFO 17248 --- [terrarent] [restartedMain] o.h.c.internal.RegionFactoryInitiator    : HHH000026: Second-level cache disabled
2026-05-28T10:40:42.543+01:00  INFO 17248 --- [terrarent] [restartedMain] o.s.o.j.p.SpringPersistenceUnitInfo      : No LoadTimeWeaver setup: ignoring JPA class transformer
2026-05-28T10:40:42.726+01:00  WARN 17248 --- [terrarent] [restartedMain] org.hibernate.orm.deprecation            : HHH90000025: H2Dialect does not need to be specified explicitly using 'hibernate.dialect' (remove the property setting and it will be selected by default)
2026-05-28T10:40:43.366+01:00  WARN 19728 --- [terrarent] [restartedMain] JpaBaseConfiguration$JpaWebConfiguration : spring.jpa.open-in-view is enabled by default. Therefore, database queries may be performed during view rendering. Explicitly configure spring.jpa.open-in-view to disable this warning
2026-05-28T10:40:44.177+01:00  INFO 19728 --- [terrarent] [restartedMain] o.s.s.web.DefaultSecurityFilterChain     : Will secure any request with [org.springframework.security.web.session.DisableEncodeUrlFilter@41675c1a, org.springframework.security.web.context.request.async.WebAsyncManagerIntegrationFilter@543570ab, org.springframework.security.web.context.SecurityContextHolderFilter@7ba6eceb, org.springframework.security.web.header.HeaderWriterFilter@1aff8166, org.springframework.web.filter.CorsFilter@44fbeb47, org.springframework.security.web.authentication.logout.LogoutFilter@263e0b77, com.terrarent.config.JwtAuthenticationFilter@c68aba1, org.springframework.security.web.savedrequest.RequestCacheAwareFilter@4e8e9e3e, org.springframework.security.web.servletapi.SecurityContextHolderAwareRequestFilter@36171140, org.springframework.security.web.authentication.AnonymousAuthenticationFilter@606aab58, org.springframework.security.web.session.SessionManagementFilter@1d9cb232, org.springframework.security.web.access.ExceptionTranslationFilter@10e3ad5e, org.springframework.security.web.access.intercept.AuthorizationFilter@2f67f735]
2026-05-28T10:40:45.138+01:00  INFO 19728 --- [terrarent] [restartedMain] o.s.b.d.a.OptionalLiveReloadServer       : LiveReload server is running on port 35729
2026-05-28T10:40:45.233+01:00  INFO 19728 --- [terrarent] [restartedMain] o.s.b.w.embedded.tomcat.TomcatWebServer  : Tomcat started on port 8081 (http) with context path ''
2026-05-28T10:40:45.261+01:00  INFO 19728 --- [terrarent] [restartedMain] com.terrarent.TerraRentApplication       : Started TerraRentApplication in 26.173 seconds (process running for 28.247)
2026-05-28T10:40:45.973+01:00  INFO 17248 --- [terrarent] [restartedMain] o.h.e.t.j.p.i.JtaPlatformInitiator       : HHH000489: No JTA platform available (set 'hibernate.transaction.jta.platform' to enable JTA platform integration)
2026-05-28T10:40:46.279+01:00  INFO 17248 --- [terrarent] [restartedMain] j.LocalContainerEntityManagerFactoryBean : Initialized JPA EntityManagerFactory for persistence unit 'default'
2026-05-28T10:40:46.972+01:00 DEBUG 17248 --- [terrarent] [restartedMain] c.t.config.JwtAuthenticationFilter       : Filter 'jwtAuthenticationFilter' configured for use
2026-05-28T10:40:47.476+01:00  INFO 17248 --- [terrarent] [restartedMain] o.s.d.j.r.query.QueryEnhancerFactory     : Hibernate is in classpath; If applicable, HQL parser will be used.
2026-05-28T10:40:49.800+01:00  WARN 17248 --- [terrarent] [restartedMain] JpaBaseConfiguration$JpaWebConfiguration : spring.jpa.open-in-view is enabled by default. Therefore, database queries may be performed during view rendering. Explicitly configure spring.jpa.open-in-view to disable this warning
2026-05-28T10:40:50.633+01:00  INFO 17248 --- [terrarent] [restartedMain] o.s.s.web.DefaultSecurityFilterChain     : Will secure any request with [org.springframework.security.web.session.DisableEncodeUrlFilter@13d8cd7a, org.springframework.security.web.context.request.async.WebAsyncManagerIntegrationFilter@4bde914a, org.springframework.security.web.context.SecurityContextHolderFilter@64754aca, org.springframework.security.web.header.HeaderWriterFilter@37a9b031, org.springframework.web.filter.CorsFilter@4d0599e5, org.springframework.security.web.authentication.logout.LogoutFilter@5bf9156f, com.terrarent.config.JwtAuthenticationFilter@53c0b2cc, org.springframework.security.web.savedrequest.RequestCacheAwareFilter@414a8a9, org.springframework.security.web.servletapi.SecurityContextHolderAwareRequestFilter@7575165, org.springframework.security.web.authentication.AnonymousAuthenticationFilter@646849a9, org.springframework.security.web.session.SessionManagementFilter@45b40932, org.springframework.security.web.access.ExceptionTranslationFilter@3ad023a8, org.springframework.security.web.access.intercept.AuthorizationFilter@4a398c98]
2026-05-28T10:40:51.550+01:00  WARN 17248 --- [terrarent] [restartedMain] o.s.b.d.a.OptionalLiveReloadServer       : Unable to start LiveReload server
2026-05-28T10:40:51.619+01:00  WARN 17248 --- [terrarent] [restartedMain] ConfigServletWebServerApplicationContext : Exception encountered during context initialization - cancelling refresh attempt: org.springframework.context.ApplicationContextException: Failed to start bean 'webServerStartStop'
2026-05-28T10:40:51.634+01:00  INFO 17248 --- [terrarent] [restartedMain] j.LocalContainerEntityManagerFactoryBean : Closing JPA EntityManagerFactory for persistence unit 'default'
2026-05-28T10:40:51.652+01:00  WARN 17248 --- [terrarent] [restartedMain] o.s.b.f.support.DisposableBeanAdapter    : Invocation of destroy method failed on bean with name 'inMemoryDatabaseShutdownExecutor': org.h2.jdbc.JdbcSQLNonTransientConnectionException: Database is already closed (to disable automatic closing at VM shutdown, add ";DB_CLOSE_ON_EXIT=FALSE" to the db URL) [90121-224]
2026-05-28T10:40:51.653+01:00  INFO 17248 --- [terrarent] [restartedMain] com.zaxxer.hikari.HikariDataSource       : HikariPool-1 - Shutdown initiated...
2026-05-28T10:40:51.657+01:00  INFO 17248 --- [terrarent] [restartedMain] com.zaxxer.hikari.HikariDataSource       : HikariPool-1 - Shutdown completed.
2026-05-28T10:40:51.694+01:00  INFO 17248 --- [terrarent] [restartedMain] .s.b.a.l.ConditionEvaluationReportLogger : 

Error starting ApplicationContext. To display the condition evaluation report re-run your application with 'debug' enabled.
2026-05-28T10:40:51.799+01:00 ERROR 17248 --- [terrarent] [restartedMain] o.s.b.d.LoggingFailureAnalysisReporter   : 

***************************
APPLICATION FAILED TO START
***************************

Description:

Web server failed to start. Port 8081 was already in use.

Action:

Identify and stop the process that's listening on port 8081 or configure this application to listen on another port.

2026-05-28T10:41:22.401+01:00  INFO 19728 --- [terrarent] [SpringApplicationShutdownHook] j.LocalContainerEntityManagerFactoryBean : Closing JPA EntityManagerFactory for persistence unit 'default'
2026-05-28T10:41:22.407+01:00  WARN 19728 --- [terrarent] [SpringApplicationShutdownHook] o.s.b.f.support.DisposableBeanAdapter    : Invocation of destroy method failed on bean with name 'inMemoryDatabaseShutdownExecutor': org.h2.jdbc.JdbcSQLNonTransientConnectionException: Database is already closed (to disable automatic closing at VM shutdown, add ";DB_CLOSE_ON_EXIT=FALSE" to the db URL) [90121-224]
2026-05-28T10:41:22.407+01:00  INFO 19728 --- [terrarent] [SpringApplicationShutdownHook] com.zaxxer.hikari.HikariDataSource       : HikariPool-1 - Shutdown initiated...
2026-05-28T10:41:22.409+01:00  INFO 19728 --- [terrarent] [SpringApplicationShutdownHook] com.zaxxer.hikari.HikariDataSource       : HikariPool-1 - Shutdown completed.
2026-05-28T11:06:38.556+01:00  INFO 7992 --- [terrarent] [restartedMain] com.terrarent.TerraRentApplication       : Starting TerraRentApplication using Java 17.0.12 with PID 7992 (C:\Users\torre\old\Documents\Projects\Hotel Management System\terrarent-backend\target\classes started by torre in C:\Users\torre\old\Documents\Projects\Hotel Management System\terrarent-backend)
2026-05-28T11:06:38.558+01:00 DEBUG 7992 --- [terrarent] [restartedMain] com.terrarent.TerraRentApplication       : Running with Spring Boot v3.2.2, Spring v6.1.3
2026-05-28T11:06:38.559+01:00  INFO 7992 --- [terrarent] [restartedMain] com.terrarent.TerraRentApplication       : No active profile set, falling back to 1 default profile: "default"
2026-05-28T11:06:38.623+01:00  INFO 7992 --- [terrarent] [restartedMain] .e.DevToolsPropertyDefaultsPostProcessor : Devtools property defaults active! Set 'spring.devtools.add-properties' to 'false' to disable
2026-05-28T11:06:38.624+01:00  INFO 7992 --- [terrarent] [restartedMain] .e.DevToolsPropertyDefaultsPostProcessor : For additional web related logging consider setting the 'logging.level.web' property to 'DEBUG'
2026-05-28T11:06:39.754+01:00  INFO 7992 --- [terrarent] [restartedMain] .s.d.r.c.RepositoryConfigurationDelegate : Bootstrapping Spring Data JPA repositories in DEFAULT mode.
2026-05-28T11:06:39.889+01:00  INFO 7992 --- [terrarent] [restartedMain] .s.d.r.c.RepositoryConfigurationDelegate : Finished Spring Data repository scanning in 126 ms. Found 16 JPA repository interfaces.
2026-05-28T11:06:40.819+01:00  INFO 7992 --- [terrarent] [restartedMain] o.s.b.w.embedded.tomcat.TomcatWebServer  : Tomcat initialized with port 8081 (http)
2026-05-28T11:06:40.846+01:00  INFO 7992 --- [terrarent] [restartedMain] o.apache.catalina.core.StandardService   : Starting service [Tomcat]
2026-05-28T11:06:40.847+01:00  INFO 7992 --- [terrarent] [restartedMain] o.apache.catalina.core.StandardEngine    : Starting Servlet engine: [Apache Tomcat/10.1.18]
2026-05-28T11:06:40.925+01:00  INFO 7992 --- [terrarent] [restartedMain] o.a.c.c.C.[Tomcat].[localhost].[/]       : Initializing Spring embedded WebApplicationContext
2026-05-28T11:06:40.926+01:00  INFO 7992 --- [terrarent] [restartedMain] w.s.c.ServletWebServerApplicationContext : Root WebApplicationContext: initialization completed in 2301 ms
2026-05-28T11:06:40.972+01:00  INFO 7992 --- [terrarent] [restartedMain] com.zaxxer.hikari.HikariDataSource       : HikariPool-1 - Starting...
2026-05-28T11:06:41.244+01:00  INFO 7992 --- [terrarent] [restartedMain] com.zaxxer.hikari.pool.HikariPool        : HikariPool-1 - Added connection conn0: url=jdbc:h2:mem:terrarentdb user=SA
2026-05-28T11:06:41.246+01:00  INFO 7992 --- [terrarent] [restartedMain] com.zaxxer.hikari.HikariDataSource       : HikariPool-1 - Start completed.
2026-05-28T11:06:41.256+01:00  INFO 7992 --- [terrarent] [restartedMain] o.s.b.a.h2.H2ConsoleAutoConfiguration    : H2 console available at '/h2-console'. Database available at 'jdbc:h2:mem:terrarentdb'
2026-05-28T11:06:41.369+01:00  INFO 7992 --- [terrarent] [restartedMain] o.hibernate.jpa.internal.util.LogHelper  : HHH000204: Processing PersistenceUnitInfo [name: default]
2026-05-28T11:06:41.427+01:00  INFO 7992 --- [terrarent] [restartedMain] org.hibernate.Version                    : HHH000412: Hibernate ORM core version 6.4.1.Final
2026-05-28T11:06:41.463+01:00  INFO 7992 --- [terrarent] [restartedMain] o.h.c.internal.RegionFactoryInitiator    : HHH000026: Second-level cache disabled
2026-05-28T11:06:41.701+01:00  INFO 7992 --- [terrarent] [restartedMain] o.s.o.j.p.SpringPersistenceUnitInfo      : No LoadTimeWeaver setup: ignoring JPA class transformer
2026-05-28T11:06:41.760+01:00  WARN 7992 --- [terrarent] [restartedMain] org.hibernate.orm.deprecation            : HHH90000025: H2Dialect does not need to be specified explicitly using 'hibernate.dialect' (remove the property setting and it will be selected by default)
2026-05-28T11:06:43.097+01:00  INFO 7992 --- [terrarent] [restartedMain] o.h.e.t.j.p.i.JtaPlatformInitiator       : HHH000489: No JTA platform available (set 'hibernate.transaction.jta.platform' to enable JTA platform integration)
2026-05-28T11:06:43.261+01:00  INFO 7992 --- [terrarent] [restartedMain] j.LocalContainerEntityManagerFactoryBean : Initialized JPA EntityManagerFactory for persistence unit 'default'
2026-05-28T11:06:43.614+01:00 DEBUG 7992 --- [terrarent] [restartedMain] c.t.config.JwtAuthenticationFilter       : Filter 'jwtAuthenticationFilter' configured for use
2026-05-28T11:06:43.873+01:00  INFO 7992 --- [terrarent] [restartedMain] o.s.d.j.r.query.QueryEnhancerFactory     : Hibernate is in classpath; If applicable, HQL parser will be used.
2026-05-28T11:06:44.848+01:00  WARN 7992 --- [terrarent] [restartedMain] JpaBaseConfiguration$JpaWebConfiguration : spring.jpa.open-in-view is enabled by default. Therefore, database queries may be performed during view rendering. Explicitly configure spring.jpa.open-in-view to disable this warning
2026-05-28T11:06:45.188+01:00  INFO 7992 --- [terrarent] [restartedMain] o.s.s.web.DefaultSecurityFilterChain     : Will secure any request with [org.springframework.security.web.session.DisableEncodeUrlFilter@266fa3f, org.springframework.security.web.context.request.async.WebAsyncManagerIntegrationFilter@379cf76a, org.springframework.security.web.context.SecurityContextHolderFilter@37da976e, org.springframework.security.web.header.HeaderWriterFilter@133b8f86, org.springframework.web.filter.CorsFilter@678c412a, org.springframework.security.web.authentication.logout.LogoutFilter@201d4963, com.terrarent.config.JwtAuthenticationFilter@386c1f12, org.springframework.security.web.savedrequest.RequestCacheAwareFilter@24a586ec, org.springframework.security.web.servletapi.SecurityContextHolderAwareRequestFilter@6859a647, org.springframework.security.web.authentication.AnonymousAuthenticationFilter@790e470e, org.springframework.security.web.session.SessionManagementFilter@59244825, org.springframework.security.web.access.ExceptionTranslationFilter@6d24cd97, org.springframework.security.web.access.intercept.AuthorizationFilter@638668c3]
2026-05-28T11:06:45.581+01:00  INFO 7992 --- [terrarent] [restartedMain] o.s.b.d.a.OptionalLiveReloadServer       : LiveReload server is running on port 35729
2026-05-28T11:06:45.661+01:00  INFO 7992 --- [terrarent] [restartedMain] o.s.b.w.embedded.tomcat.TomcatWebServer  : Tomcat started on port 8081 (http) with context path ''
2026-05-28T11:06:45.671+01:00  INFO 7992 --- [terrarent] [restartedMain] com.terrarent.TerraRentApplication       : Started TerraRentApplication in 7.658 seconds (process running for 8.133)
2026-05-28T11:15:28.447+01:00  INFO 7992 --- [terrarent] [http-nio-8081-exec-2] o.a.c.c.C.[Tomcat].[localhost].[/]       : Initializing Spring DispatcherServlet 'dispatcherServlet'
2026-05-28T11:15:28.448+01:00  INFO 7992 --- [terrarent] [http-nio-8081-exec-2] o.s.web.servlet.DispatcherServlet        : Initializing Servlet 'dispatcherServlet'
2026-05-28T11:15:28.452+01:00  INFO 7992 --- [terrarent] [http-nio-8081-exec-2] o.s.web.servlet.DispatcherServlet        : Completed initialization in 3 ms
2026-05-28T11:15:28.702+01:00 ERROR 7992 --- [terrarent] [http-nio-8081-exec-3] o.a.c.c.C.[.[.[/].[dispatcherServlet]    : Servlet.service() for servlet [dispatcherServlet] in context with path [] threw exception

org.springframework.security.core.userdetails.UsernameNotFoundException: User not found
	at com.terrarent.config.ApplicationConfig.lambda$2(ApplicationConfig.java:27) ~[classes/:na]
	at java.base/java.util.Optional.orElseThrow(Optional.java:403) ~[na:na]
	at com.terrarent.config.ApplicationConfig.lambda$0(ApplicationConfig.java:27) ~[classes/:na]
	at com.terrarent.config.JwtAuthenticationFilter.doFilterInternal(JwtAuthenticationFilter.java:68) ~[classes/:na]
	at org.springframework.web.filter.OncePerRequestFilter.doFilter(OncePerRequestFilter.java:116) ~[spring-web-6.1.3.jar:6.1.3]
	at org.springframework.security.web.FilterChainProxy$VirtualFilterChain.doFilter(FilterChainProxy.java:374) ~[spring-security-web-6.2.1.jar:6.2.1]
	at org.springframework.security.web.authentication.logout.LogoutFilter.doFilter(LogoutFilter.java:107) ~[spring-security-web-6.2.1.jar:6.2.1]
	at org.springframework.security.web.authentication.logout.LogoutFilter.doFilter(LogoutFilter.java:93) ~[spring-security-web-6.2.1.jar:6.2.1]
	at org.springframework.security.web.FilterChainProxy$VirtualFilterChain.doFilter(FilterChainProxy.java:374) ~[spring-security-web-6.2.1.jar:6.2.1]
	at org.springframework.web.filter.CorsFilter.doFilterInternal(CorsFilter.java:91) ~[spring-web-6.1.3.jar:6.1.3]
	at org.springframework.web.filter.OncePerRequestFilter.doFilter(OncePerRequestFilter.java:116) ~[spring-web-6.1.3.jar:6.1.3]
	at org.springframework.security.web.FilterChainProxy$VirtualFilterChain.doFilter(FilterChainProxy.java:374) ~[spring-security-web-6.2.1.jar:6.2.1]
	at org.springframework.security.web.header.HeaderWriterFilter.doHeadersAfter(HeaderWriterFilter.java:90) ~[spring-security-web-6.2.1.jar:6.2.1]
	at org.springframework.security.web.header.HeaderWriterFilter.doFilterInternal(HeaderWriterFilter.java:75) ~[spring-security-web-6.2.1.jar:6.2.1]
	at org.springframework.web.filter.OncePerRequestFilter.doFilter(OncePerRequestFilter.java:116) ~[spring-web-6.1.3.jar:6.1.3]
	at org.springframework.security.web.FilterChainProxy$VirtualFilterChain.doFilter(FilterChainProxy.java:374) ~[spring-security-web-6.2.1.jar:6.2.1]
	at org.springframework.security.web.context.SecurityContextHolderFilter.doFilter(SecurityContextHolderFilter.java:82) ~[spring-security-web-6.2.1.jar:6.2.1]
	at org.springframework.security.web.context.SecurityContextHolderFilter.doFilter(SecurityContextHolderFilter.java:69) ~[spring-security-web-6.2.1.jar:6.2.1]
	at org.springframework.security.web.FilterChainProxy$VirtualFilterChain.doFilter(FilterChainProxy.java:374) ~[spring-security-web-6.2.1.jar:6.2.1]
	at org.springframework.security.web.context.request.async.WebAsyncManagerIntegrationFilter.doFilterInternal(WebAsyncManagerIntegrationFilter.java:62) ~[spring-security-web-6.2.1.jar:6.2.1]
	at org.springframework.web.filter.OncePerRequestFilter.doFilter(OncePerRequestFilter.java:116) ~[spring-web-6.1.3.jar:6.1.3]
	at org.springframework.security.web.FilterChainProxy$VirtualFilterChain.doFilter(FilterChainProxy.java:374) ~[spring-security-web-6.2.1.jar:6.2.1]
	at org.springframework.security.web.session.DisableEncodeUrlFilter.doFilterInternal(DisableEncodeUrlFilter.java:42) ~[spring-security-web-6.2.1.jar:6.2.1]
	at org.springframework.web.filter.OncePerRequestFilter.doFilter(OncePerRequestFilter.java:116) ~[spring-web-6.1.3.jar:6.1.3]
	at org.springframework.security.web.FilterChainProxy$VirtualFilterChain.doFilter(FilterChainProxy.java:374) ~[spring-security-web-6.2.1.jar:6.2.1]
	at org.springframework.security.web.FilterChainProxy.doFilterInternal(FilterChainProxy.java:233) ~[spring-security-web-6.2.1.jar:6.2.1]
	at org.springframework.security.web.FilterChainProxy.doFilter(FilterChainProxy.java:191) ~[spring-security-web-6.2.1.jar:6.2.1]
	at org.springframework.web.filter.CompositeFilter$VirtualFilterChain.doFilter(CompositeFilter.java:113) ~[spring-web-6.1.3.jar:6.1.3]
	at org.springframework.web.servlet.handler.HandlerMappingIntrospector.lambda$createCacheFilter$3(HandlerMappingIntrospector.java:195) ~[spring-webmvc-6.1.3.jar:6.1.3]
	at org.springframework.web.filter.CompositeFilter$VirtualFilterChain.doFilter(CompositeFilter.java:113) ~[spring-web-6.1.3.jar:6.1.3]
	at org.springframework.web.filter.CompositeFilter.doFilter(CompositeFilter.java:74) ~[spring-web-6.1.3.jar:6.1.3]
	at org.springframework.security.config.annotation.web.configuration.WebMvcSecurityConfiguration$CompositeFilterChainProxy.doFilter(WebMvcSecurityConfiguration.java:225) ~[spring-security-config-6.2.1.jar:6.2.1]
	at org.springframework.web.filter.DelegatingFilterProxy.invokeDelegate(DelegatingFilterProxy.java:352) ~[spring-web-6.1.3.jar:6.1.3]
	at org.springframework.web.filter.DelegatingFilterProxy.doFilter(DelegatingFilterProxy.java:268) ~[spring-web-6.1.3.jar:6.1.3]
	at org.apache.catalina.core.ApplicationFilterChain.internalDoFilter(ApplicationFilterChain.java:174) ~[tomcat-embed-core-10.1.18.jar:10.1.18]
	at org.apache.catalina.core.ApplicationFilterChain.doFilter(ApplicationFilterChain.java:149) ~[tomcat-embed-core-10.1.18.jar:10.1.18]
	at org.springframework.web.filter.RequestContextFilter.doFilterInternal(RequestContextFilter.java:100) ~[spring-web-6.1.3.jar:6.1.3]
	at org.springframework.web.filter.OncePerRequestFilter.doFilter(OncePerRequestFilter.java:116) ~[spring-web-6.1.3.jar:6.1.3]
	at org.apache.catalina.core.ApplicationFilterChain.internalDoFilter(ApplicationFilterChain.java:174) ~[tomcat-embed-core-10.1.18.jar:10.1.18]
	at org.apache.catalina.core.ApplicationFilterChain.doFilter(ApplicationFilterChain.java:149) ~[tomcat-embed-core-10.1.18.jar:10.1.18]
	at org.springframework.web.filter.FormContentFilter.doFilterInternal(FormContentFilter.java:93) ~[spring-web-6.1.3.jar:6.1.3]
	at org.springframework.web.filter.OncePerRequestFilter.doFilter(OncePerRequestFilter.java:116) ~[spring-web-6.1.3.jar:6.1.3]
	at org.apache.catalina.core.ApplicationFilterChain.internalDoFilter(ApplicationFilterChain.java:174) ~[tomcat-embed-core-10.1.18.jar:10.1.18]
	at org.apache.catalina.core.ApplicationFilterChain.doFilter(ApplicationFilterChain.java:149) ~[tomcat-embed-core-10.1.18.jar:10.1.18]
	at org.springframework.web.filter.CharacterEncodingFilter.doFilterInternal(CharacterEncodingFilter.java:201) ~[spring-web-6.1.3.jar:6.1.3]
	at org.springframework.web.filter.OncePerRequestFilter.doFilter(OncePerRequestFilter.java:116) ~[spring-web-6.1.3.jar:6.1.3]
	at org.apache.catalina.core.ApplicationFilterChain.internalDoFilter(ApplicationFilterChain.java:174) ~[tomcat-embed-core-10.1.18.jar:10.1.18]
	at org.apache.catalina.core.ApplicationFilterChain.doFilter(ApplicationFilterChain.java:149) ~[tomcat-embed-core-10.1.18.jar:10.1.18]
	at org.apache.catalina.core.StandardWrapperValve.invoke(StandardWrapperValve.java:167) ~[tomcat-embed-core-10.1.18.jar:10.1.18]
	at org.apache.catalina.core.StandardContextValve.invoke(StandardContextValve.java:90) ~[tomcat-embed-core-10.1.18.jar:10.1.18]
	at org.apache.catalina.authenticator.AuthenticatorBase.invoke(AuthenticatorBase.java:482) ~[tomcat-embed-core-10.1.18.jar:10.1.18]
	at org.apache.catalina.core.StandardHostValve.invoke(StandardHostValve.java:115) ~[tomcat-embed-core-10.1.18.jar:10.1.18]
	at org.apache.catalina.valves.ErrorReportValve.invoke(ErrorReportValve.java:93) ~[tomcat-embed-core-10.1.18.jar:10.1.18]
	at org.apache.catalina.core.StandardEngineValve.invoke(StandardEngineValve.java:74) ~[tomcat-embed-core-10.1.18.jar:10.1.18]
	at org.apache.catalina.connector.CoyoteAdapter.service(CoyoteAdapter.java:340) ~[tomcat-embed-core-10.1.18.jar:10.1.18]
	at org.apache.coyote.http11.Http11Processor.service(Http11Processor.java:391) ~[tomcat-embed-core-10.1.18.jar:10.1.18]
	at org.apache.coyote.AbstractProcessorLight.process(AbstractProcessorLight.java:63) ~[tomcat-embed-core-10.1.18.jar:10.1.18]
	at org.apache.coyote.AbstractProtocol$ConnectionHandler.process(AbstractProtocol.java:896) ~[tomcat-embed-core-10.1.18.jar:10.1.18]
	at org.apache.tomcat.util.net.NioEndpoint$SocketProcessor.doRun(NioEndpoint.java:1744) ~[tomcat-embed-core-10.1.18.jar:10.1.18]
	at org.apache.tomcat.util.net.SocketProcessorBase.run(SocketProcessorBase.java:52) ~[tomcat-embed-core-10.1.18.jar:10.1.18]
	at org.apache.tomcat.util.threads.ThreadPoolExecutor.runWorker(ThreadPoolExecutor.java:1191) ~[tomcat-embed-core-10.1.18.jar:10.1.18]
	at org.apache.tomcat.util.threads.ThreadPoolExecutor$Worker.run(ThreadPoolExecutor.java:659) ~[tomcat-embed-core-10.1.18.jar:10.1.18]
	at org.apache.tomcat.util.threads.TaskThread$WrappingRunnable.run(TaskThread.java:61) ~[tomcat-embed-core-10.1.18.jar:10.1.18]
	at java.base/java.lang.Thread.run(Thread.java:842) ~[na:na]

2026-05-28T11:15:28.737+01:00 ERROR 7992 --- [terrarent] [http-nio-8081-exec-4] o.a.c.c.C.[.[.[/].[dispatcherServlet]    : Servlet.service() for servlet [dispatcherServlet] in context with path [] threw exception

org.springframework.security.core.userdetails.UsernameNotFoundException: User not found
	at com.terrarent.config.ApplicationConfig.lambda$2(ApplicationConfig.java:27) ~[classes/:na]
	at java.base/java.util.Optional.orElseThrow(Optional.java:403) ~[na:na]
	at com.terrarent.config.ApplicationConfig.lambda$0(ApplicationConfig.java:27) ~[classes/:na]
	at com.terrarent.config.JwtAuthenticationFilter.doFilterInternal(JwtAuthenticationFilter.java:68) ~[classes/:na]
	at org.springframework.web.filter.OncePerRequestFilter.doFilter(OncePerRequestFilter.java:116) ~[spring-web-6.1.3.jar:6.1.3]
	at org.springframework.security.web.FilterChainProxy$VirtualFilterChain.doFilter(FilterChainProxy.java:374) ~[spring-security-web-6.2.1.jar:6.2.1]
	at org.springframework.security.web.authentication.logout.LogoutFilter.doFilter(LogoutFilter.java:107) ~[spring-security-web-6.2.1.jar:6.2.1]
	at org.springframework.security.web.authentication.logout.LogoutFilter.doFilter(LogoutFilter.java:93) ~[spring-security-web-6.2.1.jar:6.2.1]
	at org.springframework.security.web.FilterChainProxy$VirtualFilterChain.doFilter(FilterChainProxy.java:374) ~[spring-security-web-6.2.1.jar:6.2.1]
	at org.springframework.web.filter.CorsFilter.doFilterInternal(CorsFilter.java:91) ~[spring-web-6.1.3.jar:6.1.3]
	at org.springframework.web.filter.OncePerRequestFilter.doFilter(OncePerRequestFilter.java:116) ~[spring-web-6.1.3.jar:6.1.3]
	at org.springframework.security.web.FilterChainProxy$VirtualFilterChain.doFilter(FilterChainProxy.java:374) ~[spring-security-web-6.2.1.jar:6.2.1]
	at org.springframework.security.web.header.HeaderWriterFilter.doHeadersAfter(HeaderWriterFilter.java:90) ~[spring-security-web-6.2.1.jar:6.2.1]
	at org.springframework.security.web.header.HeaderWriterFilter.doFilterInternal(HeaderWriterFilter.java:75) ~[spring-security-web-6.2.1.jar:6.2.1]
	at org.springframework.web.filter.OncePerRequestFilter.doFilter(OncePerRequestFilter.java:116) ~[spring-web-6.1.3.jar:6.1.3]
	at org.springframework.security.web.FilterChainProxy$VirtualFilterChain.doFilter(FilterChainProxy.java:374) ~[spring-security-web-6.2.1.jar:6.2.1]
	at org.springframework.security.web.context.SecurityContextHolderFilter.doFilter(SecurityContextHolderFilter.java:82) ~[spring-security-web-6.2.1.jar:6.2.1]
	at org.springframework.security.web.context.SecurityContextHolderFilter.doFilter(SecurityContextHolderFilter.java:69) ~[spring-security-web-6.2.1.jar:6.2.1]
	at org.springframework.security.web.FilterChainProxy$VirtualFilterChain.doFilter(FilterChainProxy.java:374) ~[spring-security-web-6.2.1.jar:6.2.1]
	at org.springframework.security.web.context.request.async.WebAsyncManagerIntegrationFilter.doFilterInternal(WebAsyncManagerIntegrationFilter.java:62) ~[spring-security-web-6.2.1.jar:6.2.1]
	at org.springframework.web.filter.OncePerRequestFilter.doFilter(OncePerRequestFilter.java:116) ~[spring-web-6.1.3.jar:6.1.3]
	at org.springframework.security.web.FilterChainProxy$VirtualFilterChain.doFilter(FilterChainProxy.java:374) ~[spring-security-web-6.2.1.jar:6.2.1]
	at org.springframework.security.web.session.DisableEncodeUrlFilter.doFilterInternal(DisableEncodeUrlFilter.java:42) ~[spring-security-web-6.2.1.jar:6.2.1]
	at org.springframework.web.filter.OncePerRequestFilter.doFilter(OncePerRequestFilter.java:116) ~[spring-web-6.1.3.jar:6.1.3]
	at org.springframework.security.web.FilterChainProxy$VirtualFilterChain.doFilter(FilterChainProxy.java:374) ~[spring-security-web-6.2.1.jar:6.2.1]
	at org.springframework.security.web.FilterChainProxy.doFilterInternal(FilterChainProxy.java:233) ~[spring-security-web-6.2.1.jar:6.2.1]
	at org.springframework.security.web.FilterChainProxy.doFilter(FilterChainProxy.java:191) ~[spring-security-web-6.2.1.jar:6.2.1]
	at org.springframework.web.filter.CompositeFilter$VirtualFilterChain.doFilter(CompositeFilter.java:113) ~[spring-web-6.1.3.jar:6.1.3]
	at org.springframework.web.servlet.handler.HandlerMappingIntrospector.lambda$createCacheFilter$3(HandlerMappingIntrospector.java:195) ~[spring-webmvc-6.1.3.jar:6.1.3]
	at org.springframework.web.filter.CompositeFilter$VirtualFilterChain.doFilter(CompositeFilter.java:113) ~[spring-web-6.1.3.jar:6.1.3]
	at org.springframework.web.filter.CompositeFilter.doFilter(CompositeFilter.java:74) ~[spring-web-6.1.3.jar:6.1.3]
	at org.springframework.security.config.annotation.web.configuration.WebMvcSecurityConfiguration$CompositeFilterChainProxy.doFilter(WebMvcSecurityConfiguration.java:225) ~[spring-security-config-6.2.1.jar:6.2.1]
	at org.springframework.web.filter.DelegatingFilterProxy.invokeDelegate(DelegatingFilterProxy.java:352) ~[spring-web-6.1.3.jar:6.1.3]
	at org.springframework.web.filter.DelegatingFilterProxy.doFilter(DelegatingFilterProxy.java:268) ~[spring-web-6.1.3.jar:6.1.3]
	at org.apache.catalina.core.ApplicationFilterChain.internalDoFilter(ApplicationFilterChain.java:174) ~[tomcat-embed-core-10.1.18.jar:10.1.18]
	at org.apache.catalina.core.ApplicationFilterChain.doFilter(ApplicationFilterChain.java:149) ~[tomcat-embed-core-10.1.18.jar:10.1.18]
	at org.springframework.web.filter.RequestContextFilter.doFilterInternal(RequestContextFilter.java:100) ~[spring-web-6.1.3.jar:6.1.3]
	at org.springframework.web.filter.OncePerRequestFilter.doFilter(OncePerRequestFilter.java:116) ~[spring-web-6.1.3.jar:6.1.3]
	at org.apache.catalina.core.ApplicationFilterChain.internalDoFilter(ApplicationFilterChain.java:174) ~[tomcat-embed-core-10.1.18.jar:10.1.18]
	at org.apache.catalina.core.ApplicationFilterChain.doFilter(ApplicationFilterChain.java:149) ~[tomcat-embed-core-10.1.18.jar:10.1.18]
	at org.springframework.web.filter.FormContentFilter.doFilterInternal(FormContentFilter.java:93) ~[spring-web-6.1.3.jar:6.1.3]
	at org.springframework.web.filter.OncePerRequestFilter.doFilter(OncePerRequestFilter.java:116) ~[spring-web-6.1.3.jar:6.1.3]
	at org.apache.catalina.core.ApplicationFilterChain.internalDoFilter(ApplicationFilterChain.java:174) ~[tomcat-embed-core-10.1.18.jar:10.1.18]
	at org.apache.catalina.core.ApplicationFilterChain.doFilter(ApplicationFilterChain.java:149) ~[tomcat-embed-core-10.1.18.jar:10.1.18]
	at org.springframework.web.filter.CharacterEncodingFilter.doFilterInternal(CharacterEncodingFilter.java:201) ~[spring-web-6.1.3.jar:6.1.3]
	at org.springframework.web.filter.OncePerRequestFilter.doFilter(OncePerRequestFilter.java:116) ~[spring-web-6.1.3.jar:6.1.3]
	at org.apache.catalina.core.ApplicationFilterChain.internalDoFilter(ApplicationFilterChain.java:174) ~[tomcat-embed-core-10.1.18.jar:10.1.18]
	at org.apache.catalina.core.ApplicationFilterChain.doFilter(ApplicationFilterChain.java:149) ~[tomcat-embed-core-10.1.18.jar:10.1.18]
	at org.apache.catalina.core.StandardWrapperValve.invoke(StandardWrapperValve.java:167) ~[tomcat-embed-core-10.1.18.jar:10.1.18]
	at org.apache.catalina.core.StandardContextValve.invoke(StandardContextValve.java:90) ~[tomcat-embed-core-10.1.18.jar:10.1.18]
	at org.apache.catalina.authenticator.AuthenticatorBase.invoke(AuthenticatorBase.java:482) ~[tomcat-embed-core-10.1.18.jar:10.1.18]
	at org.apache.catalina.core.StandardHostValve.invoke(StandardHostValve.java:115) ~[tomcat-embed-core-10.1.18.jar:10.1.18]
	at org.apache.catalina.valves.ErrorReportValve.invoke(ErrorReportValve.java:93) ~[tomcat-embed-core-10.1.18.jar:10.1.18]
	at org.apache.catalina.core.StandardEngineValve.invoke(StandardEngineValve.java:74) ~[tomcat-embed-core-10.1.18.jar:10.1.18]
	at org.apache.catalina.connector.CoyoteAdapter.service(CoyoteAdapter.java:340) ~[tomcat-embed-core-10.1.18.jar:10.1.18]
	at org.apache.coyote.http11.Http11Processor.service(Http11Processor.java:391) ~[tomcat-embed-core-10.1.18.jar:10.1.18]
	at org.apache.coyote.AbstractProcessorLight.process(AbstractProcessorLight.java:63) ~[tomcat-embed-core-10.1.18.jar:10.1.18]
	at org.apache.coyote.AbstractProtocol$ConnectionHandler.process(AbstractProtocol.java:896) ~[tomcat-embed-core-10.1.18.jar:10.1.18]
	at org.apache.tomcat.util.net.NioEndpoint$SocketProcessor.doRun(NioEndpoint.java:1744) ~[tomcat-embed-core-10.1.18.jar:10.1.18]
	at org.apache.tomcat.util.net.SocketProcessorBase.run(SocketProcessorBase.java:52) ~[tomcat-embed-core-10.1.18.jar:10.1.18]
	at org.apache.tomcat.util.threads.ThreadPoolExecutor.runWorker(ThreadPoolExecutor.java:1191) ~[tomcat-embed-core-10.1.18.jar:10.1.18]
	at org.apache.tomcat.util.threads.ThreadPoolExecutor$Worker.run(ThreadPoolExecutor.java:659) ~[tomcat-embed-core-10.1.18.jar:10.1.18]
	at org.apache.tomcat.util.threads.TaskThread$WrappingRunnable.run(TaskThread.java:61) ~[tomcat-embed-core-10.1.18.jar:10.1.18]
	at java.base/java.lang.Thread.run(Thread.java:842) ~[na:na]

2026-05-28T11:15:30.131+01:00 ERROR 7992 --- [terrarent] [http-nio-8081-exec-5] o.a.c.c.C.[.[.[/].[dispatcherServlet]    : Servlet.service() for servlet [dispatcherServlet] in context with path [] threw exception

org.springframework.security.core.userdetails.UsernameNotFoundException: User not found
	at com.terrarent.config.ApplicationConfig.lambda$2(ApplicationConfig.java:27) ~[classes/:na]
	at java.base/java.util.Optional.orElseThrow(Optional.java:403) ~[na:na]
	at com.terrarent.config.ApplicationConfig.lambda$0(ApplicationConfig.java:27) ~[classes/:na]
	at com.terrarent.config.JwtAuthenticationFilter.doFilterInternal(JwtAuthenticationFilter.java:68) ~[classes/:na]
	at org.springframework.web.filter.OncePerRequestFilter.doFilter(OncePerRequestFilter.java:116) ~[spring-web-6.1.3.jar:6.1.3]
	at org.springframework.security.web.FilterChainProxy$VirtualFilterChain.doFilter(FilterChainProxy.java:374) ~[spring-security-web-6.2.1.jar:6.2.1]
	at org.springframework.security.web.authentication.logout.LogoutFilter.doFilter(LogoutFilter.java:107) ~[spring-security-web-6.2.1.jar:6.2.1]
	at org.springframework.security.web.authentication.logout.LogoutFilter.doFilter(LogoutFilter.java:93) ~[spring-security-web-6.2.1.jar:6.2.1]
	at org.springframework.security.web.FilterChainProxy$VirtualFilterChain.doFilter(FilterChainProxy.java:374) ~[spring-security-web-6.2.1.jar:6.2.1]
	at org.springframework.web.filter.CorsFilter.doFilterInternal(CorsFilter.java:91) ~[spring-web-6.1.3.jar:6.1.3]
	at org.springframework.web.filter.OncePerRequestFilter.doFilter(OncePerRequestFilter.java:116) ~[spring-web-6.1.3.jar:6.1.3]
	at org.springframework.security.web.FilterChainProxy$VirtualFilterChain.doFilter(FilterChainProxy.java:374) ~[spring-security-web-6.2.1.jar:6.2.1]
	at org.springframework.security.web.header.HeaderWriterFilter.doHeadersAfter(HeaderWriterFilter.java:90) ~[spring-security-web-6.2.1.jar:6.2.1]
	at org.springframework.security.web.header.HeaderWriterFilter.doFilterInternal(HeaderWriterFilter.java:75) ~[spring-security-web-6.2.1.jar:6.2.1]
	at org.springframework.web.filter.OncePerRequestFilter.doFilter(OncePerRequestFilter.java:116) ~[spring-web-6.1.3.jar:6.1.3]
	at org.springframework.security.web.FilterChainProxy$VirtualFilterChain.doFilter(FilterChainProxy.java:374) ~[spring-security-web-6.2.1.jar:6.2.1]
	at org.springframework.security.web.context.SecurityContextHolderFilter.doFilter(SecurityContextHolderFilter.java:82) ~[spring-security-web-6.2.1.jar:6.2.1]
	at org.springframework.security.web.context.SecurityContextHolderFilter.doFilter(SecurityContextHolderFilter.java:69) ~[spring-security-web-6.2.1.jar:6.2.1]
	at org.springframework.security.web.FilterChainProxy$VirtualFilterChain.doFilter(FilterChainProxy.java:374) ~[spring-security-web-6.2.1.jar:6.2.1]
	at org.springframework.security.web.context.request.async.WebAsyncManagerIntegrationFilter.doFilterInternal(WebAsyncManagerIntegrationFilter.java:62) ~[spring-security-web-6.2.1.jar:6.2.1]
	at org.springframework.web.filter.OncePerRequestFilter.doFilter(OncePerRequestFilter.java:116) ~[spring-web-6.1.3.jar:6.1.3]
	at org.springframework.security.web.FilterChainProxy$VirtualFilterChain.doFilter(FilterChainProxy.java:374) ~[spring-security-web-6.2.1.jar:6.2.1]
	at org.springframework.security.web.session.DisableEncodeUrlFilter.doFilterInternal(DisableEncodeUrlFilter.java:42) ~[spring-security-web-6.2.1.jar:6.2.1]
	at org.springframework.web.filter.OncePerRequestFilter.doFilter(OncePerRequestFilter.java:116) ~[spring-web-6.1.3.jar:6.1.3]
	at org.springframework.security.web.FilterChainProxy$VirtualFilterChain.doFilter(FilterChainProxy.java:374) ~[spring-security-web-6.2.1.jar:6.2.1]
	at org.springframework.security.web.FilterChainProxy.doFilterInternal(FilterChainProxy.java:233) ~[spring-security-web-6.2.1.jar:6.2.1]
	at org.springframework.security.web.FilterChainProxy.doFilter(FilterChainProxy.java:191) ~[spring-security-web-6.2.1.jar:6.2.1]
	at org.springframework.web.filter.CompositeFilter$VirtualFilterChain.doFilter(CompositeFilter.java:113) ~[spring-web-6.1.3.jar:6.1.3]
	at org.springframework.web.servlet.handler.HandlerMappingIntrospector.lambda$createCacheFilter$3(HandlerMappingIntrospector.java:195) ~[spring-webmvc-6.1.3.jar:6.1.3]
	at org.springframework.web.filter.CompositeFilter$VirtualFilterChain.doFilter(CompositeFilter.java:113) ~[spring-web-6.1.3.jar:6.1.3]
	at org.springframework.web.filter.CompositeFilter.doFilter(CompositeFilter.java:74) ~[spring-web-6.1.3.jar:6.1.3]
	at org.springframework.security.config.annotation.web.configuration.WebMvcSecurityConfiguration$CompositeFilterChainProxy.doFilter(WebMvcSecurityConfiguration.java:225) ~[spring-security-config-6.2.1.jar:6.2.1]
	at org.springframework.web.filter.DelegatingFilterProxy.invokeDelegate(DelegatingFilterProxy.java:352) ~[spring-web-6.1.3.jar:6.1.3]
	at org.springframework.web.filter.DelegatingFilterProxy.doFilter(DelegatingFilterProxy.java:268) ~[spring-web-6.1.3.jar:6.1.3]
	at org.apache.catalina.core.ApplicationFilterChain.internalDoFilter(ApplicationFilterChain.java:174) ~[tomcat-embed-core-10.1.18.jar:10.1.18]
	at org.apache.catalina.core.ApplicationFilterChain.doFilter(ApplicationFilterChain.java:149) ~[tomcat-embed-core-10.1.18.jar:10.1.18]
	at org.springframework.web.filter.RequestContextFilter.doFilterInternal(RequestContextFilter.java:100) ~[spring-web-6.1.3.jar:6.1.3]
	at org.springframework.web.filter.OncePerRequestFilter.doFilter(OncePerRequestFilter.java:116) ~[spring-web-6.1.3.jar:6.1.3]
	at org.apache.catalina.core.ApplicationFilterChain.internalDoFilter(ApplicationFilterChain.java:174) ~[tomcat-embed-core-10.1.18.jar:10.1.18]
	at org.apache.catalina.core.ApplicationFilterChain.doFilter(ApplicationFilterChain.java:149) ~[tomcat-embed-core-10.1.18.jar:10.1.18]
	at org.springframework.web.filter.FormContentFilter.doFilterInternal(FormContentFilter.java:93) ~[spring-web-6.1.3.jar:6.1.3]
	at org.springframework.web.filter.OncePerRequestFilter.doFilter(OncePerRequestFilter.java:116) ~[spring-web-6.1.3.jar:6.1.3]
	at org.apache.catalina.core.ApplicationFilterChain.internalDoFilter(ApplicationFilterChain.java:174) ~[tomcat-embed-core-10.1.18.jar:10.1.18]
	at org.apache.catalina.core.ApplicationFilterChain.doFilter(ApplicationFilterChain.java:149) ~[tomcat-embed-core-10.1.18.jar:10.1.18]
	at org.springframework.web.filter.CharacterEncodingFilter.doFilterInternal(CharacterEncodingFilter.java:201) ~[spring-web-6.1.3.jar:6.1.3]
	at org.springframework.web.filter.OncePerRequestFilter.doFilter(OncePerRequestFilter.java:116) ~[spring-web-6.1.3.jar:6.1.3]
	at org.apache.catalina.core.ApplicationFilterChain.internalDoFilter(ApplicationFilterChain.java:174) ~[tomcat-embed-core-10.1.18.jar:10.1.18]
	at org.apache.catalina.core.ApplicationFilterChain.doFilter(ApplicationFilterChain.java:149) ~[tomcat-embed-core-10.1.18.jar:10.1.18]
	at org.apache.catalina.core.StandardWrapperValve.invoke(StandardWrapperValve.java:167) ~[tomcat-embed-core-10.1.18.jar:10.1.18]
	at org.apache.catalina.core.StandardContextValve.invoke(StandardContextValve.java:90) ~[tomcat-embed-core-10.1.18.jar:10.1.18]
	at org.apache.catalina.authenticator.AuthenticatorBase.invoke(AuthenticatorBase.java:482) ~[tomcat-embed-core-10.1.18.jar:10.1.18]
	at org.apache.catalina.core.StandardHostValve.invoke(StandardHostValve.java:115) ~[tomcat-embed-core-10.1.18.jar:10.1.18]
	at org.apache.catalina.valves.ErrorReportValve.invoke(ErrorReportValve.java:93) ~[tomcat-embed-core-10.1.18.jar:10.1.18]
	at org.apache.catalina.core.StandardEngineValve.invoke(StandardEngineValve.java:74) ~[tomcat-embed-core-10.1.18.jar:10.1.18]
	at org.apache.catalina.connector.CoyoteAdapter.service(CoyoteAdapter.java:340) ~[tomcat-embed-core-10.1.18.jar:10.1.18]
	at org.apache.coyote.http11.Http11Processor.service(Http11Processor.java:391) ~[tomcat-embed-core-10.1.18.jar:10.1.18]
	at org.apache.coyote.AbstractProcessorLight.process(AbstractProcessorLight.java:63) ~[tomcat-embed-core-10.1.18.jar:10.1.18]
	at org.apache.coyote.AbstractProtocol$ConnectionHandler.process(AbstractProtocol.java:896) ~[tomcat-embed-core-10.1.18.jar:10.1.18]
	at org.apache.tomcat.util.net.NioEndpoint$SocketProcessor.doRun(NioEndpoint.java:1744) ~[tomcat-embed-core-10.1.18.jar:10.1.18]
	at org.apache.tomcat.util.net.SocketProcessorBase.run(SocketProcessorBase.java:52) ~[tomcat-embed-core-10.1.18.jar:10.1.18]
	at org.apache.tomcat.util.threads.ThreadPoolExecutor.runWorker(ThreadPoolExecutor.java:1191) ~[tomcat-embed-core-10.1.18.jar:10.1.18]
	at org.apache.tomcat.util.threads.ThreadPoolExecutor$Worker.run(ThreadPoolExecutor.java:659) ~[tomcat-embed-core-10.1.18.jar:10.1.18]
	at org.apache.tomcat.util.threads.TaskThread$WrappingRunnable.run(TaskThread.java:61) ~[tomcat-embed-core-10.1.18.jar:10.1.18]
	at java.base/java.lang.Thread.run(Thread.java:842) ~[na:na]

2026-05-28T11:15:30.147+01:00 ERROR 7992 --- [terrarent] [http-nio-8081-exec-7] o.a.c.c.C.[.[.[/].[dispatcherServlet]    : Servlet.service() for servlet [dispatcherServlet] in context with path [] threw exception

org.springframework.security.core.userdetails.UsernameNotFoundException: User not found
	at com.terrarent.config.ApplicationConfig.lambda$2(ApplicationConfig.java:27) ~[classes/:na]
	at java.base/java.util.Optional.orElseThrow(Optional.java:403) ~[na:na]
	at com.terrarent.config.ApplicationConfig.lambda$0(ApplicationConfig.java:27) ~[classes/:na]
	at com.terrarent.config.JwtAuthenticationFilter.doFilterInternal(JwtAuthenticationFilter.java:68) ~[classes/:na]
	at org.springframework.web.filter.OncePerRequestFilter.doFilter(OncePerRequestFilter.java:116) ~[spring-web-6.1.3.jar:6.1.3]
	at org.springframework.security.web.FilterChainProxy$VirtualFilterChain.doFilter(FilterChainProxy.java:374) ~[spring-security-web-6.2.1.jar:6.2.1]
	at org.springframework.security.web.authentication.logout.LogoutFilter.doFilter(LogoutFilter.java:107) ~[spring-security-web-6.2.1.jar:6.2.1]
	at org.springframework.security.web.authentication.logout.LogoutFilter.doFilter(LogoutFilter.java:93) ~[spring-security-web-6.2.1.jar:6.2.1]
	at org.springframework.security.web.FilterChainProxy$VirtualFilterChain.doFilter(FilterChainProxy.java:374) ~[spring-security-web-6.2.1.jar:6.2.1]
	at org.springframework.web.filter.CorsFilter.doFilterInternal(CorsFilter.java:91) ~[spring-web-6.1.3.jar:6.1.3]
	at org.springframework.web.filter.OncePerRequestFilter.doFilter(OncePerRequestFilter.java:116) ~[spring-web-6.1.3.jar:6.1.3]
	at org.springframework.security.web.FilterChainProxy$VirtualFilterChain.doFilter(FilterChainProxy.java:374) ~[spring-security-web-6.2.1.jar:6.2.1]
	at org.springframework.security.web.header.HeaderWriterFilter.doHeadersAfter(HeaderWriterFilter.java:90) ~[spring-security-web-6.2.1.jar:6.2.1]
	at org.springframework.security.web.header.HeaderWriterFilter.doFilterInternal(HeaderWriterFilter.java:75) ~[spring-security-web-6.2.1.jar:6.2.1]
	at org.springframework.web.filter.OncePerRequestFilter.doFilter(OncePerRequestFilter.java:116) ~[spring-web-6.1.3.jar:6.1.3]
	at org.springframework.security.web.FilterChainProxy$VirtualFilterChain.doFilter(FilterChainProxy.java:374) ~[spring-security-web-6.2.1.jar:6.2.1]
	at org.springframework.security.web.context.SecurityContextHolderFilter.doFilter(SecurityContextHolderFilter.java:82) ~[spring-security-web-6.2.1.jar:6.2.1]
	at org.springframework.security.web.context.SecurityContextHolderFilter.doFilter(SecurityContextHolderFilter.java:69) ~[spring-security-web-6.2.1.jar:6.2.1]
	at org.springframework.security.web.FilterChainProxy$VirtualFilterChain.doFilter(FilterChainProxy.java:374) ~[spring-security-web-6.2.1.jar:6.2.1]
	at org.springframework.security.web.context.request.async.WebAsyncManagerIntegrationFilter.doFilterInternal(WebAsyncManagerIntegrationFilter.java:62) ~[spring-security-web-6.2.1.jar:6.2.1]
	at org.springframework.web.filter.OncePerRequestFilter.doFilter(OncePerRequestFilter.java:116) ~[spring-web-6.1.3.jar:6.1.3]
	at org.springframework.security.web.FilterChainProxy$VirtualFilterChain.doFilter(FilterChainProxy.java:374) ~[spring-security-web-6.2.1.jar:6.2.1]
	at org.springframework.security.web.session.DisableEncodeUrlFilter.doFilterInternal(DisableEncodeUrlFilter.java:42) ~[spring-security-web-6.2.1.jar:6.2.1]
	at org.springframework.web.filter.OncePerRequestFilter.doFilter(OncePerRequestFilter.java:116) ~[spring-web-6.1.3.jar:6.1.3]
	at org.springframework.security.web.FilterChainProxy$VirtualFilterChain.doFilter(FilterChainProxy.java:374) ~[spring-security-web-6.2.1.jar:6.2.1]
	at org.springframework.security.web.FilterChainProxy.doFilterInternal(FilterChainProxy.java:233) ~[spring-security-web-6.2.1.jar:6.2.1]
	at org.springframework.security.web.FilterChainProxy.doFilter(FilterChainProxy.java:191) ~[spring-security-web-6.2.1.jar:6.2.1]
	at org.springframework.web.filter.CompositeFilter$VirtualFilterChain.doFilter(CompositeFilter.java:113) ~[spring-web-6.1.3.jar:6.1.3]
	at org.springframework.web.servlet.handler.HandlerMappingIntrospector.lambda$createCacheFilter$3(HandlerMappingIntrospector.java:195) ~[spring-webmvc-6.1.3.jar:6.1.3]
	at org.springframework.web.filter.CompositeFilter$VirtualFilterChain.doFilter(CompositeFilter.java:113) ~[spring-web-6.1.3.jar:6.1.3]
	at org.springframework.web.filter.CompositeFilter.doFilter(CompositeFilter.java:74) ~[spring-web-6.1.3.jar:6.1.3]
	at org.springframework.security.config.annotation.web.configuration.WebMvcSecurityConfiguration$CompositeFilterChainProxy.doFilter(WebMvcSecurityConfiguration.java:225) ~[spring-security-config-6.2.1.jar:6.2.1]
	at org.springframework.web.filter.DelegatingFilterProxy.invokeDelegate(DelegatingFilterProxy.java:352) ~[spring-web-6.1.3.jar:6.1.3]
	at org.springframework.web.filter.DelegatingFilterProxy.doFilter(DelegatingFilterProxy.java:268) ~[spring-web-6.1.3.jar:6.1.3]
	at org.apache.catalina.core.ApplicationFilterChain.internalDoFilter(ApplicationFilterChain.java:174) ~[tomcat-embed-core-10.1.18.jar:10.1.18]
	at org.apache.catalina.core.ApplicationFilterChain.doFilter(ApplicationFilterChain.java:149) ~[tomcat-embed-core-10.1.18.jar:10.1.18]
	at org.springframework.web.filter.RequestContextFilter.doFilterInternal(RequestContextFilter.java:100) ~[spring-web-6.1.3.jar:6.1.3]
	at org.springframework.web.filter.OncePerRequestFilter.doFilter(OncePerRequestFilter.java:116) ~[spring-web-6.1.3.jar:6.1.3]
	at org.apache.catalina.core.ApplicationFilterChain.internalDoFilter(ApplicationFilterChain.java:174) ~[tomcat-embed-core-10.1.18.jar:10.1.18]
	at org.apache.catalina.core.ApplicationFilterChain.doFilter(ApplicationFilterChain.java:149) ~[tomcat-embed-core-10.1.18.jar:10.1.18]
	at org.springframework.web.filter.FormContentFilter.doFilterInternal(FormContentFilter.java:93) ~[spring-web-6.1.3.jar:6.1.3]
	at org.springframework.web.filter.OncePerRequestFilter.doFilter(OncePerRequestFilter.java:116) ~[spring-web-6.1.3.jar:6.1.3]
	at org.apache.catalina.core.ApplicationFilterChain.internalDoFilter(ApplicationFilterChain.java:174) ~[tomcat-embed-core-10.1.18.jar:10.1.18]
	at org.apache.catalina.core.ApplicationFilterChain.doFilter(ApplicationFilterChain.java:149) ~[tomcat-embed-core-10.1.18.jar:10.1.18]
	at org.springframework.web.filter.CharacterEncodingFilter.doFilterInternal(CharacterEncodingFilter.java:201) ~[spring-web-6.1.3.jar:6.1.3]
	at org.springframework.web.filter.OncePerRequestFilter.doFilter(OncePerRequestFilter.java:116) ~[spring-web-6.1.3.jar:6.1.3]
	at org.apache.catalina.core.ApplicationFilterChain.internalDoFilter(ApplicationFilterChain.java:174) ~[tomcat-embed-core-10.1.18.jar:10.1.18]
	at org.apache.catalina.core.ApplicationFilterChain.doFilter(ApplicationFilterChain.java:149) ~[tomcat-embed-core-10.1.18.jar:10.1.18]
	at org.apache.catalina.core.StandardWrapperValve.invoke(StandardWrapperValve.java:167) ~[tomcat-embed-core-10.1.18.jar:10.1.18]
	at org.apache.catalina.core.StandardContextValve.invoke(StandardContextValve.java:90) ~[tomcat-embed-core-10.1.18.jar:10.1.18]
	at org.apache.catalina.authenticator.AuthenticatorBase.invoke(AuthenticatorBase.java:482) ~[tomcat-embed-core-10.1.18.jar:10.1.18]
	at org.apache.catalina.core.StandardHostValve.invoke(StandardHostValve.java:115) ~[tomcat-embed-core-10.1.18.jar:10.1.18]
	at org.apache.catalina.valves.ErrorReportValve.invoke(ErrorReportValve.java:93) ~[tomcat-embed-core-10.1.18.jar:10.1.18]
	at org.apache.catalina.core.StandardEngineValve.invoke(StandardEngineValve.java:74) ~[tomcat-embed-core-10.1.18.jar:10.1.18]
	at org.apache.catalina.connector.CoyoteAdapter.service(CoyoteAdapter.java:340) ~[tomcat-embed-core-10.1.18.jar:10.1.18]
	at org.apache.coyote.http11.Http11Processor.service(Http11Processor.java:391) ~[tomcat-embed-core-10.1.18.jar:10.1.18]
	at org.apache.coyote.AbstractProcessorLight.process(AbstractProcessorLight.java:63) ~[tomcat-embed-core-10.1.18.jar:10.1.18]
	at org.apache.coyote.AbstractProtocol$ConnectionHandler.process(AbstractProtocol.java:896) ~[tomcat-embed-core-10.1.18.jar:10.1.18]
	at org.apache.tomcat.util.net.NioEndpoint$SocketProcessor.doRun(NioEndpoint.java:1744) ~[tomcat-embed-core-10.1.18.jar:10.1.18]
	at org.apache.tomcat.util.net.SocketProcessorBase.run(SocketProcessorBase.java:52) ~[tomcat-embed-core-10.1.18.jar:10.1.18]
	at org.apache.tomcat.util.threads.ThreadPoolExecutor.runWorker(ThreadPoolExecutor.java:1191) ~[tomcat-embed-core-10.1.18.jar:10.1.18]
	at org.apache.tomcat.util.threads.ThreadPoolExecutor$Worker.run(ThreadPoolExecutor.java:659) ~[tomcat-embed-core-10.1.18.jar:10.1.18]
	at org.apache.tomcat.util.threads.TaskThread$WrappingRunnable.run(TaskThread.java:61) ~[tomcat-embed-core-10.1.18.jar:10.1.18]
	at java.base/java.lang.Thread.run(Thread.java:842) ~[na:na]

2026-05-28T11:15:33.547+01:00 ERROR 7992 --- [terrarent] [http-nio-8081-exec-9] o.a.c.c.C.[.[.[/].[dispatcherServlet]    : Servlet.service() for servlet [dispatcherServlet] in context with path [] threw exception

org.springframework.security.core.userdetails.UsernameNotFoundException: User not found
	at com.terrarent.config.ApplicationConfig.lambda$2(ApplicationConfig.java:27) ~[classes/:na]
	at java.base/java.util.Optional.orElseThrow(Optional.java:403) ~[na:na]
	at com.terrarent.config.ApplicationConfig.lambda$0(ApplicationConfig.java:27) ~[classes/:na]
	at com.terrarent.config.JwtAuthenticationFilter.doFilterInternal(JwtAuthenticationFilter.java:68) ~[classes/:na]
	at org.springframework.web.filter.OncePerRequestFilter.doFilter(OncePerRequestFilter.java:116) ~[spring-web-6.1.3.jar:6.1.3]
	at org.springframework.security.web.FilterChainProxy$VirtualFilterChain.doFilter(FilterChainProxy.java:374) ~[spring-security-web-6.2.1.jar:6.2.1]
	at org.springframework.security.web.authentication.logout.LogoutFilter.doFilter(LogoutFilter.java:107) ~[spring-security-web-6.2.1.jar:6.2.1]
	at org.springframework.security.web.authentication.logout.LogoutFilter.doFilter(LogoutFilter.java:93) ~[spring-security-web-6.2.1.jar:6.2.1]
	at org.springframework.security.web.FilterChainProxy$VirtualFilterChain.doFilter(FilterChainProxy.java:374) ~[spring-security-web-6.2.1.jar:6.2.1]
	at org.springframework.web.filter.CorsFilter.doFilterInternal(CorsFilter.java:91) ~[spring-web-6.1.3.jar:6.1.3]
	at org.springframework.web.filter.OncePerRequestFilter.doFilter(OncePerRequestFilter.java:116) ~[spring-web-6.1.3.jar:6.1.3]
	at org.springframework.security.web.FilterChainProxy$VirtualFilterChain.doFilter(FilterChainProxy.java:374) ~[spring-security-web-6.2.1.jar:6.2.1]
	at org.springframework.security.web.header.HeaderWriterFilter.doHeadersAfter(HeaderWriterFilter.java:90) ~[spring-security-web-6.2.1.jar:6.2.1]
	at org.springframework.security.web.header.HeaderWriterFilter.doFilterInternal(HeaderWriterFilter.java:75) ~[spring-security-web-6.2.1.jar:6.2.1]
	at org.springframework.web.filter.OncePerRequestFilter.doFilter(OncePerRequestFilter.java:116) ~[spring-web-6.1.3.jar:6.1.3]
	at org.springframework.security.web.FilterChainProxy$VirtualFilterChain.doFilter(FilterChainProxy.java:374) ~[spring-security-web-6.2.1.jar:6.2.1]
	at org.springframework.security.web.context.SecurityContextHolderFilter.doFilter(SecurityContextHolderFilter.java:82) ~[spring-security-web-6.2.1.jar:6.2.1]
	at org.springframework.security.web.context.SecurityContextHolderFilter.doFilter(SecurityContextHolderFilter.java:69) ~[spring-security-web-6.2.1.jar:6.2.1]
	at org.springframework.security.web.FilterChainProxy$VirtualFilterChain.doFilter(FilterChainProxy.java:374) ~[spring-security-web-6.2.1.jar:6.2.1]
	at org.springframework.security.web.context.request.async.WebAsyncManagerIntegrationFilter.doFilterInternal(WebAsyncManagerIntegrationFilter.java:62) ~[spring-security-web-6.2.1.jar:6.2.1]
	at org.springframework.web.filter.OncePerRequestFilter.doFilter(OncePerRequestFilter.java:116) ~[spring-web-6.1.3.jar:6.1.3]
	at org.springframework.security.web.FilterChainProxy$VirtualFilterChain.doFilter(FilterChainProxy.java:374) ~[spring-security-web-6.2.1.jar:6.2.1]
	at org.springframework.security.web.session.DisableEncodeUrlFilter.doFilterInternal(DisableEncodeUrlFilter.java:42) ~[spring-security-web-6.2.1.jar:6.2.1]
	at org.springframework.web.filter.OncePerRequestFilter.doFilter(OncePerRequestFilter.java:116) ~[spring-web-6.1.3.jar:6.1.3]
	at org.springframework.security.web.FilterChainProxy$VirtualFilterChain.doFilter(FilterChainProxy.java:374) ~[spring-security-web-6.2.1.jar:6.2.1]
	at org.springframework.security.web.FilterChainProxy.doFilterInternal(FilterChainProxy.java:233) ~[spring-security-web-6.2.1.jar:6.2.1]
	at org.springframework.security.web.FilterChainProxy.doFilter(FilterChainProxy.java:191) ~[spring-security-web-6.2.1.jar:6.2.1]
	at org.springframework.web.filter.CompositeFilter$VirtualFilterChain.doFilter(CompositeFilter.java:113) ~[spring-web-6.1.3.jar:6.1.3]
	at org.springframework.web.servlet.handler.HandlerMappingIntrospector.lambda$createCacheFilter$3(HandlerMappingIntrospector.java:195) ~[spring-webmvc-6.1.3.jar:6.1.3]
	at org.springframework.web.filter.CompositeFilter$VirtualFilterChain.doFilter(CompositeFilter.java:113) ~[spring-web-6.1.3.jar:6.1.3]
	at org.springframework.web.filter.CompositeFilter.doFilter(CompositeFilter.java:74) ~[spring-web-6.1.3.jar:6.1.3]
	at org.springframework.security.config.annotation.web.configuration.WebMvcSecurityConfiguration$CompositeFilterChainProxy.doFilter(WebMvcSecurityConfiguration.java:225) ~[spring-security-config-6.2.1.jar:6.2.1]
	at org.springframework.web.filter.DelegatingFilterProxy.invokeDelegate(DelegatingFilterProxy.java:352) ~[spring-web-6.1.3.jar:6.1.3]
	at org.springframework.web.filter.DelegatingFilterProxy.doFilter(DelegatingFilterProxy.java:268) ~[spring-web-6.1.3.jar:6.1.3]
	at org.apache.catalina.core.ApplicationFilterChain.internalDoFilter(ApplicationFilterChain.java:174) ~[tomcat-embed-core-10.1.18.jar:10.1.18]
	at org.apache.catalina.core.ApplicationFilterChain.doFilter(ApplicationFilterChain.java:149) ~[tomcat-embed-core-10.1.18.jar:10.1.18]
	at org.springframework.web.filter.RequestContextFilter.doFilterInternal(RequestContextFilter.java:100) ~[spring-web-6.1.3.jar:6.1.3]
	at org.springframework.web.filter.OncePerRequestFilter.doFilter(OncePerRequestFilter.java:116) ~[spring-web-6.1.3.jar:6.1.3]
	at org.apache.catalina.core.ApplicationFilterChain.internalDoFilter(ApplicationFilterChain.java:174) ~[tomcat-embed-core-10.1.18.jar:10.1.18]
	at org.apache.catalina.core.ApplicationFilterChain.doFilter(ApplicationFilterChain.java:149) ~[tomcat-embed-core-10.1.18.jar:10.1.18]
	at org.springframework.web.filter.FormContentFilter.doFilterInternal(FormContentFilter.java:93) ~[spring-web-6.1.3.jar:6.1.3]
	at org.springframework.web.filter.OncePerRequestFilter.doFilter(OncePerRequestFilter.java:116) ~[spring-web-6.1.3.jar:6.1.3]
	at org.apache.catalina.core.ApplicationFilterChain.internalDoFilter(ApplicationFilterChain.java:174) ~[tomcat-embed-core-10.1.18.jar:10.1.18]
	at org.apache.catalina.core.ApplicationFilterChain.doFilter(ApplicationFilterChain.java:149) ~[tomcat-embed-core-10.1.18.jar:10.1.18]
	at org.springframework.web.filter.CharacterEncodingFilter.doFilterInternal(CharacterEncodingFilter.java:201) ~[spring-web-6.1.3.jar:6.1.3]
	at org.springframework.web.filter.OncePerRequestFilter.doFilter(OncePerRequestFilter.java:116) ~[spring-web-6.1.3.jar:6.1.3]
	at org.apache.catalina.core.ApplicationFilterChain.internalDoFilter(ApplicationFilterChain.java:174) ~[tomcat-embed-core-10.1.18.jar:10.1.18]
	at org.apache.catalina.core.ApplicationFilterChain.doFilter(ApplicationFilterChain.java:149) ~[tomcat-embed-core-10.1.18.jar:10.1.18]
	at org.apache.catalina.core.StandardWrapperValve.invoke(StandardWrapperValve.java:167) ~[tomcat-embed-core-10.1.18.jar:10.1.18]
	at org.apache.catalina.core.StandardContextValve.invoke(StandardContextValve.java:90) ~[tomcat-embed-core-10.1.18.jar:10.1.18]
	at org.apache.catalina.authenticator.AuthenticatorBase.invoke(AuthenticatorBase.java:482) ~[tomcat-embed-core-10.1.18.jar:10.1.18]
	at org.apache.catalina.core.StandardHostValve.invoke(StandardHostValve.java:115) ~[tomcat-embed-core-10.1.18.jar:10.1.18]
	at org.apache.catalina.valves.ErrorReportValve.invoke(ErrorReportValve.java:93) ~[tomcat-embed-core-10.1.18.jar:10.1.18]
	at org.apache.catalina.core.StandardEngineValve.invoke(StandardEngineValve.java:74) ~[tomcat-embed-core-10.1.18.jar:10.1.18]
	at org.apache.catalina.connector.CoyoteAdapter.service(CoyoteAdapter.java:340) ~[tomcat-embed-core-10.1.18.jar:10.1.18]
	at org.apache.coyote.http11.Http11Processor.service(Http11Processor.java:391) ~[tomcat-embed-core-10.1.18.jar:10.1.18]
	at org.apache.coyote.AbstractProcessorLight.process(AbstractProcessorLight.java:63) ~[tomcat-embed-core-10.1.18.jar:10.1.18]
	at org.apache.coyote.AbstractProtocol$ConnectionHandler.process(AbstractProtocol.java:896) ~[tomcat-embed-core-10.1.18.jar:10.1.18]
	at org.apache.tomcat.util.net.NioEndpoint$SocketProcessor.doRun(NioEndpoint.java:1744) ~[tomcat-embed-core-10.1.18.jar:10.1.18]
	at org.apache.tomcat.util.net.SocketProcessorBase.run(SocketProcessorBase.java:52) ~[tomcat-embed-core-10.1.18.jar:10.1.18]
	at org.apache.tomcat.util.threads.ThreadPoolExecutor.runWorker(ThreadPoolExecutor.java:1191) ~[tomcat-embed-core-10.1.18.jar:10.1.18]
	at org.apache.tomcat.util.threads.ThreadPoolExecutor$Worker.run(ThreadPoolExecutor.java:659) ~[tomcat-embed-core-10.1.18.jar:10.1.18]
	at org.apache.tomcat.util.threads.TaskThread$WrappingRunnable.run(TaskThread.java:61) ~[tomcat-embed-core-10.1.18.jar:10.1.18]
	at java.base/java.lang.Thread.run(Thread.java:842) ~[na:na]

2026-05-28T11:15:33.561+01:00 ERROR 7992 --- [terrarent] [http-nio-8081-exec-10] o.a.c.c.C.[.[.[/].[dispatcherServlet]    : Servlet.service() for servlet [dispatcherServlet] in context with path [] threw exception

org.springframework.security.core.userdetails.UsernameNotFoundException: User not found
	at com.terrarent.config.ApplicationConfig.lambda$2(ApplicationConfig.java:27) ~[classes/:na]
	at java.base/java.util.Optional.orElseThrow(Optional.java:403) ~[na:na]
	at com.terrarent.config.ApplicationConfig.lambda$0(ApplicationConfig.java:27) ~[classes/:na]
	at com.terrarent.config.JwtAuthenticationFilter.doFilterInternal(JwtAuthenticationFilter.java:68) ~[classes/:na]
	at org.springframework.web.filter.OncePerRequestFilter.doFilter(OncePerRequestFilter.java:116) ~[spring-web-6.1.3.jar:6.1.3]
	at org.springframework.security.web.FilterChainProxy$VirtualFilterChain.doFilter(FilterChainProxy.java:374) ~[spring-security-web-6.2.1.jar:6.2.1]
	at org.springframework.security.web.authentication.logout.LogoutFilter.doFilter(LogoutFilter.java:107) ~[spring-security-web-6.2.1.jar:6.2.1]
	at org.springframework.security.web.authentication.logout.LogoutFilter.doFilter(LogoutFilter.java:93) ~[spring-security-web-6.2.1.jar:6.2.1]
	at org.springframework.security.web.FilterChainProxy$VirtualFilterChain.doFilter(FilterChainProxy.java:374) ~[spring-security-web-6.2.1.jar:6.2.1]
	at org.springframework.web.filter.CorsFilter.doFilterInternal(CorsFilter.java:91) ~[spring-web-6.1.3.jar:6.1.3]
	at org.springframework.web.filter.OncePerRequestFilter.doFilter(OncePerRequestFilter.java:116) ~[spring-web-6.1.3.jar:6.1.3]
	at org.springframework.security.web.FilterChainProxy$VirtualFilterChain.doFilter(FilterChainProxy.java:374) ~[spring-security-web-6.2.1.jar:6.2.1]
	at org.springframework.security.web.header.HeaderWriterFilter.doHeadersAfter(HeaderWriterFilter.java:90) ~[spring-security-web-6.2.1.jar:6.2.1]
	at org.springframework.security.web.header.HeaderWriterFilter.doFilterInternal(HeaderWriterFilter.java:75) ~[spring-security-web-6.2.1.jar:6.2.1]
	at org.springframework.web.filter.OncePerRequestFilter.doFilter(OncePerRequestFilter.java:116) ~[spring-web-6.1.3.jar:6.1.3]
	at org.springframework.security.web.FilterChainProxy$VirtualFilterChain.doFilter(FilterChainProxy.java:374) ~[spring-security-web-6.2.1.jar:6.2.1]
	at org.springframework.security.web.context.SecurityContextHolderFilter.doFilter(SecurityContextHolderFilter.java:82) ~[spring-security-web-6.2.1.jar:6.2.1]
	at org.springframework.security.web.context.SecurityContextHolderFilter.doFilter(SecurityContextHolderFilter.java:69) ~[spring-security-web-6.2.1.jar:6.2.1]
	at org.springframework.security.web.FilterChainProxy$VirtualFilterChain.doFilter(FilterChainProxy.java:374) ~[spring-security-web-6.2.1.jar:6.2.1]
	at org.springframework.security.web.context.request.async.WebAsyncManagerIntegrationFilter.doFilterInternal(WebAsyncManagerIntegrationFilter.java:62) ~[spring-security-web-6.2.1.jar:6.2.1]
	at org.springframework.web.filter.OncePerRequestFilter.doFilter(OncePerRequestFilter.java:116) ~[spring-web-6.1.3.jar:6.1.3]
	at org.springframework.security.web.FilterChainProxy$VirtualFilterChain.doFilter(FilterChainProxy.java:374) ~[spring-security-web-6.2.1.jar:6.2.1]
	at org.springframework.security.web.session.DisableEncodeUrlFilter.doFilterInternal(DisableEncodeUrlFilter.java:42) ~[spring-security-web-6.2.1.jar:6.2.1]
	at org.springframework.web.filter.OncePerRequestFilter.doFilter(OncePerRequestFilter.java:116) ~[spring-web-6.1.3.jar:6.1.3]
	at org.springframework.security.web.FilterChainProxy$VirtualFilterChain.doFilter(FilterChainProxy.java:374) ~[spring-security-web-6.2.1.jar:6.2.1]
	at org.springframework.security.web.FilterChainProxy.doFilterInternal(FilterChainProxy.java:233) ~[spring-security-web-6.2.1.jar:6.2.1]
	at org.springframework.security.web.FilterChainProxy.doFilter(FilterChainProxy.java:191) ~[spring-security-web-6.2.1.jar:6.2.1]
	at org.springframework.web.filter.CompositeFilter$VirtualFilterChain.doFilter(CompositeFilter.java:113) ~[spring-web-6.1.3.jar:6.1.3]
	at org.springframework.web.servlet.handler.HandlerMappingIntrospector.lambda$createCacheFilter$3(HandlerMappingIntrospector.java:195) ~[spring-webmvc-6.1.3.jar:6.1.3]
	at org.springframework.web.filter.CompositeFilter$VirtualFilterChain.doFilter(CompositeFilter.java:113) ~[spring-web-6.1.3.jar:6.1.3]
	at org.springframework.web.filter.CompositeFilter.doFilter(CompositeFilter.java:74) ~[spring-web-6.1.3.jar:6.1.3]
	at org.springframework.security.config.annotation.web.configuration.WebMvcSecurityConfiguration$CompositeFilterChainProxy.doFilter(WebMvcSecurityConfiguration.java:225) ~[spring-security-config-6.2.1.jar:6.2.1]
	at org.springframework.web.filter.DelegatingFilterProxy.invokeDelegate(DelegatingFilterProxy.java:352) ~[spring-web-6.1.3.jar:6.1.3]
	at org.springframework.web.filter.DelegatingFilterProxy.doFilter(DelegatingFilterProxy.java:268) ~[spring-web-6.1.3.jar:6.1.3]
	at org.apache.catalina.core.ApplicationFilterChain.internalDoFilter(ApplicationFilterChain.java:174) ~[tomcat-embed-core-10.1.18.jar:10.1.18]
	at org.apache.catalina.core.ApplicationFilterChain.doFilter(ApplicationFilterChain.java:149) ~[tomcat-embed-core-10.1.18.jar:10.1.18]
	at org.springframework.web.filter.RequestContextFilter.doFilterInternal(RequestContextFilter.java:100) ~[spring-web-6.1.3.jar:6.1.3]
	at org.springframework.web.filter.OncePerRequestFilter.doFilter(OncePerRequestFilter.java:116) ~[spring-web-6.1.3.jar:6.1.3]
	at org.apache.catalina.core.ApplicationFilterChain.internalDoFilter(ApplicationFilterChain.java:174) ~[tomcat-embed-core-10.1.18.jar:10.1.18]
	at org.apache.catalina.core.ApplicationFilterChain.doFilter(ApplicationFilterChain.java:149) ~[tomcat-embed-core-10.1.18.jar:10.1.18]
	at org.springframework.web.filter.FormContentFilter.doFilterInternal(FormContentFilter.java:93) ~[spring-web-6.1.3.jar:6.1.3]
	at org.springframework.web.filter.OncePerRequestFilter.doFilter(OncePerRequestFilter.java:116) ~[spring-web-6.1.3.jar:6.1.3]
	at org.apache.catalina.core.ApplicationFilterChain.internalDoFilter(ApplicationFilterChain.java:174) ~[tomcat-embed-core-10.1.18.jar:10.1.18]
	at org.apache.catalina.core.ApplicationFilterChain.doFilter(ApplicationFilterChain.java:149) ~[tomcat-embed-core-10.1.18.jar:10.1.18]
	at org.springframework.web.filter.CharacterEncodingFilter.doFilterInternal(CharacterEncodingFilter.java:201) ~[spring-web-6.1.3.jar:6.1.3]
	at org.springframework.web.filter.OncePerRequestFilter.doFilter(OncePerRequestFilter.java:116) ~[spring-web-6.1.3.jar:6.1.3]
	at org.apache.catalina.core.ApplicationFilterChain.internalDoFilter(ApplicationFilterChain.java:174) ~[tomcat-embed-core-10.1.18.jar:10.1.18]
	at org.apache.catalina.core.ApplicationFilterChain.doFilter(ApplicationFilterChain.java:149) ~[tomcat-embed-core-10.1.18.jar:10.1.18]
	at org.apache.catalina.core.StandardWrapperValve.invoke(StandardWrapperValve.java:167) ~[tomcat-embed-core-10.1.18.jar:10.1.18]
	at org.apache.catalina.core.StandardContextValve.invoke(StandardContextValve.java:90) ~[tomcat-embed-core-10.1.18.jar:10.1.18]
	at org.apache.catalina.authenticator.AuthenticatorBase.invoke(AuthenticatorBase.java:482) ~[tomcat-embed-core-10.1.18.jar:10.1.18]
	at org.apache.catalina.core.StandardHostValve.invoke(StandardHostValve.java:115) ~[tomcat-embed-core-10.1.18.jar:10.1.18]
	at org.apache.catalina.valves.ErrorReportValve.invoke(ErrorReportValve.java:93) ~[tomcat-embed-core-10.1.18.jar:10.1.18]
	at org.apache.catalina.core.StandardEngineValve.invoke(StandardEngineValve.java:74) ~[tomcat-embed-core-10.1.18.jar:10.1.18]
	at org.apache.catalina.connector.CoyoteAdapter.service(CoyoteAdapter.java:340) ~[tomcat-embed-core-10.1.18.jar:10.1.18]
	at org.apache.coyote.http11.Http11Processor.service(Http11Processor.java:391) ~[tomcat-embed-core-10.1.18.jar:10.1.18]
	at org.apache.coyote.AbstractProcessorLight.process(AbstractProcessorLight.java:63) ~[tomcat-embed-core-10.1.18.jar:10.1.18]
	at org.apache.coyote.AbstractProtocol$ConnectionHandler.process(AbstractProtocol.java:896) ~[tomcat-embed-core-10.1.18.jar:10.1.18]
	at org.apache.tomcat.util.net.NioEndpoint$SocketProcessor.doRun(NioEndpoint.java:1744) ~[tomcat-embed-core-10.1.18.jar:10.1.18]
	at org.apache.tomcat.util.net.SocketProcessorBase.run(SocketProcessorBase.java:52) ~[tomcat-embed-core-10.1.18.jar:10.1.18]
	at org.apache.tomcat.util.threads.ThreadPoolExecutor.runWorker(ThreadPoolExecutor.java:1191) ~[tomcat-embed-core-10.1.18.jar:10.1.18]
	at org.apache.tomcat.util.threads.ThreadPoolExecutor$Worker.run(ThreadPoolExecutor.java:659) ~[tomcat-embed-core-10.1.18.jar:10.1.18]
	at org.apache.tomcat.util.threads.TaskThread$WrappingRunnable.run(TaskThread.java:61) ~[tomcat-embed-core-10.1.18.jar:10.1.18]
	at java.base/java.lang.Thread.run(Thread.java:842) ~[na:na]

2026-05-28T11:16:57.031+01:00  INFO 7992 --- [terrarent] [http-nio-8081-exec-3] o.apache.tomcat.util.http.parser.Cookie  : A cookie header was received [g_state={"i_l":0,"i_ll":1773091385309,"i_b":"9FXXEXBbzQAkYrS+I0wjnQ/R6Yiqw86ItDVzWfMIS7w","i_e":{"enable_itp_optimization":1}}] that contained an invalid cookie. That cookie will be ignored.
 Note: further occurrences of this error will be logged at DEBUG level.
2026-05-28T11:17:10.830+01:00 ERROR 7992 --- [terrarent] [http-nio-8081-exec-6] o.a.c.c.C.[.[.[/].[dispatcherServlet]    : Servlet.service() for servlet [dispatcherServlet] in context with path [] threw exception

org.springframework.security.core.userdetails.UsernameNotFoundException: User not found
	at com.terrarent.config.ApplicationConfig.lambda$2(ApplicationConfig.java:27) ~[classes/:na]
	at java.base/java.util.Optional.orElseThrow(Optional.java:403) ~[na:na]
	at com.terrarent.config.ApplicationConfig.lambda$0(ApplicationConfig.java:27) ~[classes/:na]
	at com.terrarent.config.JwtAuthenticationFilter.doFilterInternal(JwtAuthenticationFilter.java:68) ~[classes/:na]
	at org.springframework.web.filter.OncePerRequestFilter.doFilter(OncePerRequestFilter.java:116) ~[spring-web-6.1.3.jar:6.1.3]
	at org.springframework.security.web.FilterChainProxy$VirtualFilterChain.doFilter(FilterChainProxy.java:374) ~[spring-security-web-6.2.1.jar:6.2.1]
	at org.springframework.security.web.authentication.logout.LogoutFilter.doFilter(LogoutFilter.java:107) ~[spring-security-web-6.2.1.jar:6.2.1]
	at org.springframework.security.web.authentication.logout.LogoutFilter.doFilter(LogoutFilter.java:93) ~[spring-security-web-6.2.1.jar:6.2.1]
	at org.springframework.security.web.FilterChainProxy$VirtualFilterChain.doFilter(FilterChainProxy.java:374) ~[spring-security-web-6.2.1.jar:6.2.1]
	at org.springframework.web.filter.CorsFilter.doFilterInternal(CorsFilter.java:91) ~[spring-web-6.1.3.jar:6.1.3]
	at org.springframework.web.filter.OncePerRequestFilter.doFilter(OncePerRequestFilter.java:116) ~[spring-web-6.1.3.jar:6.1.3]
	at org.springframework.security.web.FilterChainProxy$VirtualFilterChain.doFilter(FilterChainProxy.java:374) ~[spring-security-web-6.2.1.jar:6.2.1]
	at org.springframework.security.web.header.HeaderWriterFilter.doHeadersAfter(HeaderWriterFilter.java:90) ~[spring-security-web-6.2.1.jar:6.2.1]
	at org.springframework.security.web.header.HeaderWriterFilter.doFilterInternal(HeaderWriterFilter.java:75) ~[spring-security-web-6.2.1.jar:6.2.1]
	at org.springframework.web.filter.OncePerRequestFilter.doFilter(OncePerRequestFilter.java:116) ~[spring-web-6.1.3.jar:6.1.3]
	at org.springframework.security.web.FilterChainProxy$VirtualFilterChain.doFilter(FilterChainProxy.java:374) ~[spring-security-web-6.2.1.jar:6.2.1]
	at org.springframework.security.web.context.SecurityContextHolderFilter.doFilter(SecurityContextHolderFilter.java:82) ~[spring-security-web-6.2.1.jar:6.2.1]
	at org.springframework.security.web.context.SecurityContextHolderFilter.doFilter(SecurityContextHolderFilter.java:69) ~[spring-security-web-6.2.1.jar:6.2.1]
	at org.springframework.security.web.FilterChainProxy$VirtualFilterChain.doFilter(FilterChainProxy.java:374) ~[spring-security-web-6.2.1.jar:6.2.1]
	at org.springframework.security.web.context.request.async.WebAsyncManagerIntegrationFilter.doFilterInternal(WebAsyncManagerIntegrationFilter.java:62) ~[spring-security-web-6.2.1.jar:6.2.1]
	at org.springframework.web.filter.OncePerRequestFilter.doFilter(OncePerRequestFilter.java:116) ~[spring-web-6.1.3.jar:6.1.3]
	at org.springframework.security.web.FilterChainProxy$VirtualFilterChain.doFilter(FilterChainProxy.java:374) ~[spring-security-web-6.2.1.jar:6.2.1]
	at org.springframework.security.web.session.DisableEncodeUrlFilter.doFilterInternal(DisableEncodeUrlFilter.java:42) ~[spring-security-web-6.2.1.jar:6.2.1]
	at org.springframework.web.filter.OncePerRequestFilter.doFilter(OncePerRequestFilter.java:116) ~[spring-web-6.1.3.jar:6.1.3]
	at org.springframework.security.web.FilterChainProxy$VirtualFilterChain.doFilter(FilterChainProxy.java:374) ~[spring-security-web-6.2.1.jar:6.2.1]
	at org.springframework.security.web.FilterChainProxy.doFilterInternal(FilterChainProxy.java:233) ~[spring-security-web-6.2.1.jar:6.2.1]
	at org.springframework.security.web.FilterChainProxy.doFilter(FilterChainProxy.java:191) ~[spring-security-web-6.2.1.jar:6.2.1]
	at org.springframework.web.filter.CompositeFilter$VirtualFilterChain.doFilter(CompositeFilter.java:113) ~[spring-web-6.1.3.jar:6.1.3]
	at org.springframework.web.servlet.handler.HandlerMappingIntrospector.lambda$createCacheFilter$3(HandlerMappingIntrospector.java:195) ~[spring-webmvc-6.1.3.jar:6.1.3]
	at org.springframework.web.filter.CompositeFilter$VirtualFilterChain.doFilter(CompositeFilter.java:113) ~[spring-web-6.1.3.jar:6.1.3]
	at org.springframework.web.filter.CompositeFilter.doFilter(CompositeFilter.java:74) ~[spring-web-6.1.3.jar:6.1.3]
	at org.springframework.security.config.annotation.web.configuration.WebMvcSecurityConfiguration$CompositeFilterChainProxy.doFilter(WebMvcSecurityConfiguration.java:225) ~[spring-security-config-6.2.1.jar:6.2.1]
	at org.springframework.web.filter.DelegatingFilterProxy.invokeDelegate(DelegatingFilterProxy.java:352) ~[spring-web-6.1.3.jar:6.1.3]
	at org.springframework.web.filter.DelegatingFilterProxy.doFilter(DelegatingFilterProxy.java:268) ~[spring-web-6.1.3.jar:6.1.3]
	at org.apache.catalina.core.ApplicationFilterChain.internalDoFilter(ApplicationFilterChain.java:174) ~[tomcat-embed-core-10.1.18.jar:10.1.18]
	at org.apache.catalina.core.ApplicationFilterChain.doFilter(ApplicationFilterChain.java:149) ~[tomcat-embed-core-10.1.18.jar:10.1.18]
	at org.springframework.web.filter.RequestContextFilter.doFilterInternal(RequestContextFilter.java:100) ~[spring-web-6.1.3.jar:6.1.3]
	at org.springframework.web.filter.OncePerRequestFilter.doFilter(OncePerRequestFilter.java:116) ~[spring-web-6.1.3.jar:6.1.3]
	at org.apache.catalina.core.ApplicationFilterChain.internalDoFilter(ApplicationFilterChain.java:174) ~[tomcat-embed-core-10.1.18.jar:10.1.18]
	at org.apache.catalina.core.ApplicationFilterChain.doFilter(ApplicationFilterChain.java:149) ~[tomcat-embed-core-10.1.18.jar:10.1.18]
	at org.springframework.web.filter.FormContentFilter.doFilterInternal(FormContentFilter.java:93) ~[spring-web-6.1.3.jar:6.1.3]
	at org.springframework.web.filter.OncePerRequestFilter.doFilter(OncePerRequestFilter.java:116) ~[spring-web-6.1.3.jar:6.1.3]
	at org.apache.catalina.core.ApplicationFilterChain.internalDoFilter(ApplicationFilterChain.java:174) ~[tomcat-embed-core-10.1.18.jar:10.1.18]
	at org.apache.catalina.core.ApplicationFilterChain.doFilter(ApplicationFilterChain.java:149) ~[tomcat-embed-core-10.1.18.jar:10.1.18]
	at org.springframework.web.filter.CharacterEncodingFilter.doFilterInternal(CharacterEncodingFilter.java:201) ~[spring-web-6.1.3.jar:6.1.3]
	at org.springframework.web.filter.OncePerRequestFilter.doFilter(OncePerRequestFilter.java:116) ~[spring-web-6.1.3.jar:6.1.3]
	at org.apache.catalina.core.ApplicationFilterChain.internalDoFilter(ApplicationFilterChain.java:174) ~[tomcat-embed-core-10.1.18.jar:10.1.18]
	at org.apache.catalina.core.ApplicationFilterChain.doFilter(ApplicationFilterChain.java:149) ~[tomcat-embed-core-10.1.18.jar:10.1.18]
	at org.apache.catalina.core.StandardWrapperValve.invoke(StandardWrapperValve.java:167) ~[tomcat-embed-core-10.1.18.jar:10.1.18]
	at org.apache.catalina.core.StandardContextValve.invoke(StandardContextValve.java:90) ~[tomcat-embed-core-10.1.18.jar:10.1.18]
	at org.apache.catalina.authenticator.AuthenticatorBase.invoke(AuthenticatorBase.java:482) ~[tomcat-embed-core-10.1.18.jar:10.1.18]
	at org.apache.catalina.core.StandardHostValve.invoke(StandardHostValve.java:115) ~[tomcat-embed-core-10.1.18.jar:10.1.18]
	at org.apache.catalina.valves.ErrorReportValve.invoke(ErrorReportValve.java:93) ~[tomcat-embed-core-10.1.18.jar:10.1.18]
	at org.apache.catalina.core.StandardEngineValve.invoke(StandardEngineValve.java:74) ~[tomcat-embed-core-10.1.18.jar:10.1.18]
	at org.apache.catalina.connector.CoyoteAdapter.service(CoyoteAdapter.java:340) ~[tomcat-embed-core-10.1.18.jar:10.1.18]
	at org.apache.coyote.http11.Http11Processor.service(Http11Processor.java:391) ~[tomcat-embed-core-10.1.18.jar:10.1.18]
	at org.apache.coyote.AbstractProcessorLight.process(AbstractProcessorLight.java:63) ~[tomcat-embed-core-10.1.18.jar:10.1.18]
	at org.apache.coyote.AbstractProtocol$ConnectionHandler.process(AbstractProtocol.java:896) ~[tomcat-embed-core-10.1.18.jar:10.1.18]
	at org.apache.tomcat.util.net.NioEndpoint$SocketProcessor.doRun(NioEndpoint.java:1744) ~[tomcat-embed-core-10.1.18.jar:10.1.18]
	at org.apache.tomcat.util.net.SocketProcessorBase.run(SocketProcessorBase.java:52) ~[tomcat-embed-core-10.1.18.jar:10.1.18]
	at org.apache.tomcat.util.threads.ThreadPoolExecutor.runWorker(ThreadPoolExecutor.java:1191) ~[tomcat-embed-core-10.1.18.jar:10.1.18]
	at org.apache.tomcat.util.threads.ThreadPoolExecutor$Worker.run(ThreadPoolExecutor.java:659) ~[tomcat-embed-core-10.1.18.jar:10.1.18]
	at org.apache.tomcat.util.threads.TaskThread$WrappingRunnable.run(TaskThread.java:61) ~[tomcat-embed-core-10.1.18.jar:10.1.18]
	at java.base/java.lang.Thread.run(Thread.java:842) ~[na:na]

2026-05-28T11:17:10.840+01:00 ERROR 7992 --- [terrarent] [http-nio-8081-exec-8] o.a.c.c.C.[.[.[/].[dispatcherServlet]    : Servlet.service() for servlet [dispatcherServlet] in context with path [] threw exception

org.springframework.security.core.userdetails.UsernameNotFoundException: User not found
	at com.terrarent.config.ApplicationConfig.lambda$2(ApplicationConfig.java:27) ~[classes/:na]
	at java.base/java.util.Optional.orElseThrow(Optional.java:403) ~[na:na]
	at com.terrarent.config.ApplicationConfig.lambda$0(ApplicationConfig.java:27) ~[classes/:na]
	at com.terrarent.config.JwtAuthenticationFilter.doFilterInternal(JwtAuthenticationFilter.java:68) ~[classes/:na]
	at org.springframework.web.filter.OncePerRequestFilter.doFilter(OncePerRequestFilter.java:116) ~[spring-web-6.1.3.jar:6.1.3]
	at org.springframework.security.web.FilterChainProxy$VirtualFilterChain.doFilter(FilterChainProxy.java:374) ~[spring-security-web-6.2.1.jar:6.2.1]
	at org.springframework.security.web.authentication.logout.LogoutFilter.doFilter(LogoutFilter.java:107) ~[spring-security-web-6.2.1.jar:6.2.1]
	at org.springframework.security.web.authentication.logout.LogoutFilter.doFilter(LogoutFilter.java:93) ~[spring-security-web-6.2.1.jar:6.2.1]
	at org.springframework.security.web.FilterChainProxy$VirtualFilterChain.doFilter(FilterChainProxy.java:374) ~[spring-security-web-6.2.1.jar:6.2.1]
	at org.springframework.web.filter.CorsFilter.doFilterInternal(CorsFilter.java:91) ~[spring-web-6.1.3.jar:6.1.3]
	at org.springframework.web.filter.OncePerRequestFilter.doFilter(OncePerRequestFilter.java:116) ~[spring-web-6.1.3.jar:6.1.3]
	at org.springframework.security.web.FilterChainProxy$VirtualFilterChain.doFilter(FilterChainProxy.java:374) ~[spring-security-web-6.2.1.jar:6.2.1]
	at org.springframework.security.web.header.HeaderWriterFilter.doHeadersAfter(HeaderWriterFilter.java:90) ~[spring-security-web-6.2.1.jar:6.2.1]
	at org.springframework.security.web.header.HeaderWriterFilter.doFilterInternal(HeaderWriterFilter.java:75) ~[spring-security-web-6.2.1.jar:6.2.1]
	at org.springframework.web.filter.OncePerRequestFilter.doFilter(OncePerRequestFilter.java:116) ~[spring-web-6.1.3.jar:6.1.3]
	at org.springframework.security.web.FilterChainProxy$VirtualFilterChain.doFilter(FilterChainProxy.java:374) ~[spring-security-web-6.2.1.jar:6.2.1]
	at org.springframework.security.web.context.SecurityContextHolderFilter.doFilter(SecurityContextHolderFilter.java:82) ~[spring-security-web-6.2.1.jar:6.2.1]
	at org.springframework.security.web.context.SecurityContextHolderFilter.doFilter(SecurityContextHolderFilter.java:69) ~[spring-security-web-6.2.1.jar:6.2.1]
	at org.springframework.security.web.FilterChainProxy$VirtualFilterChain.doFilter(FilterChainProxy.java:374) ~[spring-security-web-6.2.1.jar:6.2.1]
	at org.springframework.security.web.context.request.async.WebAsyncManagerIntegrationFilter.doFilterInternal(WebAsyncManagerIntegrationFilter.java:62) ~[spring-security-web-6.2.1.jar:6.2.1]
	at org.springframework.web.filter.OncePerRequestFilter.doFilter(OncePerRequestFilter.java:116) ~[spring-web-6.1.3.jar:6.1.3]
	at org.springframework.security.web.FilterChainProxy$VirtualFilterChain.doFilter(FilterChainProxy.java:374) ~[spring-security-web-6.2.1.jar:6.2.1]
	at org.springframework.security.web.session.DisableEncodeUrlFilter.doFilterInternal(DisableEncodeUrlFilter.java:42) ~[spring-security-web-6.2.1.jar:6.2.1]
	at org.springframework.web.filter.OncePerRequestFilter.doFilter(OncePerRequestFilter.java:116) ~[spring-web-6.1.3.jar:6.1.3]
	at org.springframework.security.web.FilterChainProxy$VirtualFilterChain.doFilter(FilterChainProxy.java:374) ~[spring-security-web-6.2.1.jar:6.2.1]
	at org.springframework.security.web.FilterChainProxy.doFilterInternal(FilterChainProxy.java:233) ~[spring-security-web-6.2.1.jar:6.2.1]
	at org.springframework.security.web.FilterChainProxy.doFilter(FilterChainProxy.java:191) ~[spring-security-web-6.2.1.jar:6.2.1]
	at org.springframework.web.filter.CompositeFilter$VirtualFilterChain.doFilter(CompositeFilter.java:113) ~[spring-web-6.1.3.jar:6.1.3]
	at org.springframework.web.servlet.handler.HandlerMappingIntrospector.lambda$createCacheFilter$3(HandlerMappingIntrospector.java:195) ~[spring-webmvc-6.1.3.jar:6.1.3]
	at org.springframework.web.filter.CompositeFilter$VirtualFilterChain.doFilter(CompositeFilter.java:113) ~[spring-web-6.1.3.jar:6.1.3]
	at org.springframework.web.filter.CompositeFilter.doFilter(CompositeFilter.java:74) ~[spring-web-6.1.3.jar:6.1.3]
	at org.springframework.security.config.annotation.web.configuration.WebMvcSecurityConfiguration$CompositeFilterChainProxy.doFilter(WebMvcSecurityConfiguration.java:225) ~[spring-security-config-6.2.1.jar:6.2.1]
	at org.springframework.web.filter.DelegatingFilterProxy.invokeDelegate(DelegatingFilterProxy.java:352) ~[spring-web-6.1.3.jar:6.1.3]
	at org.springframework.web.filter.DelegatingFilterProxy.doFilter(DelegatingFilterProxy.java:268) ~[spring-web-6.1.3.jar:6.1.3]
	at org.apache.catalina.core.ApplicationFilterChain.internalDoFilter(ApplicationFilterChain.java:174) ~[tomcat-embed-core-10.1.18.jar:10.1.18]
	at org.apache.catalina.core.ApplicationFilterChain.doFilter(ApplicationFilterChain.java:149) ~[tomcat-embed-core-10.1.18.jar:10.1.18]
	at org.springframework.web.filter.RequestContextFilter.doFilterInternal(RequestContextFilter.java:100) ~[spring-web-6.1.3.jar:6.1.3]
	at org.springframework.web.filter.OncePerRequestFilter.doFilter(OncePerRequestFilter.java:116) ~[spring-web-6.1.3.jar:6.1.3]
	at org.apache.catalina.core.ApplicationFilterChain.internalDoFilter(ApplicationFilterChain.java:174) ~[tomcat-embed-core-10.1.18.jar:10.1.18]
	at org.apache.catalina.core.ApplicationFilterChain.doFilter(ApplicationFilterChain.java:149) ~[tomcat-embed-core-10.1.18.jar:10.1.18]
	at org.springframework.web.filter.FormContentFilter.doFilterInternal(FormContentFilter.java:93) ~[spring-web-6.1.3.jar:6.1.3]
	at org.springframework.web.filter.OncePerRequestFilter.doFilter(OncePerRequestFilter.java:116) ~[spring-web-6.1.3.jar:6.1.3]
	at org.apache.catalina.core.ApplicationFilterChain.internalDoFilter(ApplicationFilterChain.java:174) ~[tomcat-embed-core-10.1.18.jar:10.1.18]
	at org.apache.catalina.core.ApplicationFilterChain.doFilter(ApplicationFilterChain.java:149) ~[tomcat-embed-core-10.1.18.jar:10.1.18]
	at org.springframework.web.filter.CharacterEncodingFilter.doFilterInternal(CharacterEncodingFilter.java:201) ~[spring-web-6.1.3.jar:6.1.3]
	at org.springframework.web.filter.OncePerRequestFilter.doFilter(OncePerRequestFilter.java:116) ~[spring-web-6.1.3.jar:6.1.3]
	at org.apache.catalina.core.ApplicationFilterChain.internalDoFilter(ApplicationFilterChain.java:174) ~[tomcat-embed-core-10.1.18.jar:10.1.18]
	at org.apache.catalina.core.ApplicationFilterChain.doFilter(ApplicationFilterChain.java:149) ~[tomcat-embed-core-10.1.18.jar:10.1.18]
	at org.apache.catalina.core.StandardWrapperValve.invoke(StandardWrapperValve.java:167) ~[tomcat-embed-core-10.1.18.jar:10.1.18]
	at org.apache.catalina.core.StandardContextValve.invoke(StandardContextValve.java:90) ~[tomcat-embed-core-10.1.18.jar:10.1.18]
	at org.apache.catalina.authenticator.AuthenticatorBase.invoke(AuthenticatorBase.java:482) ~[tomcat-embed-core-10.1.18.jar:10.1.18]
	at org.apache.catalina.core.StandardHostValve.invoke(StandardHostValve.java:115) ~[tomcat-embed-core-10.1.18.jar:10.1.18]
	at org.apache.catalina.valves.ErrorReportValve.invoke(ErrorReportValve.java:93) ~[tomcat-embed-core-10.1.18.jar:10.1.18]
	at org.apache.catalina.core.StandardEngineValve.invoke(StandardEngineValve.java:74) ~[tomcat-embed-core-10.1.18.jar:10.1.18]
	at org.apache.catalina.connector.CoyoteAdapter.service(CoyoteAdapter.java:340) ~[tomcat-embed-core-10.1.18.jar:10.1.18]
	at org.apache.coyote.http11.Http11Processor.service(Http11Processor.java:391) ~[tomcat-embed-core-10.1.18.jar:10.1.18]
	at org.apache.coyote.AbstractProcessorLight.process(AbstractProcessorLight.java:63) ~[tomcat-embed-core-10.1.18.jar:10.1.18]
	at org.apache.coyote.AbstractProtocol$ConnectionHandler.process(AbstractProtocol.java:896) ~[tomcat-embed-core-10.1.18.jar:10.1.18]
	at org.apache.tomcat.util.net.NioEndpoint$SocketProcessor.doRun(NioEndpoint.java:1744) ~[tomcat-embed-core-10.1.18.jar:10.1.18]
	at org.apache.tomcat.util.net.SocketProcessorBase.run(SocketProcessorBase.java:52) ~[tomcat-embed-core-10.1.18.jar:10.1.18]
	at org.apache.tomcat.util.threads.ThreadPoolExecutor.runWorker(ThreadPoolExecutor.java:1191) ~[tomcat-embed-core-10.1.18.jar:10.1.18]
	at org.apache.tomcat.util.threads.ThreadPoolExecutor$Worker.run(ThreadPoolExecutor.java:659) ~[tomcat-embed-core-10.1.18.jar:10.1.18]
	at org.apache.tomcat.util.threads.TaskThread$WrappingRunnable.run(TaskThread.java:61) ~[tomcat-embed-core-10.1.18.jar:10.1.18]
	at java.base/java.lang.Thread.run(Thread.java:842) ~[na:na]

2026-05-28T11:17:14.503+01:00 ERROR 7992 --- [terrarent] [http-nio-8081-exec-9] o.a.c.c.C.[.[.[/].[dispatcherServlet]    : Servlet.service() for servlet [dispatcherServlet] in context with path [] threw exception

org.springframework.security.core.userdetails.UsernameNotFoundException: User not found
	at com.terrarent.config.ApplicationConfig.lambda$2(ApplicationConfig.java:27) ~[classes/:na]
	at java.base/java.util.Optional.orElseThrow(Optional.java:403) ~[na:na]
	at com.terrarent.config.ApplicationConfig.lambda$0(ApplicationConfig.java:27) ~[classes/:na]
	at com.terrarent.config.JwtAuthenticationFilter.doFilterInternal(JwtAuthenticationFilter.java:68) ~[classes/:na]
	at org.springframework.web.filter.OncePerRequestFilter.doFilter(OncePerRequestFilter.java:116) ~[spring-web-6.1.3.jar:6.1.3]
	at org.springframework.security.web.FilterChainProxy$VirtualFilterChain.doFilter(FilterChainProxy.java:374) ~[spring-security-web-6.2.1.jar:6.2.1]
	at org.springframework.security.web.authentication.logout.LogoutFilter.doFilter(LogoutFilter.java:107) ~[spring-security-web-6.2.1.jar:6.2.1]
	at org.springframework.security.web.authentication.logout.LogoutFilter.doFilter(LogoutFilter.java:93) ~[spring-security-web-6.2.1.jar:6.2.1]
	at org.springframework.security.web.FilterChainProxy$VirtualFilterChain.doFilter(FilterChainProxy.java:374) ~[spring-security-web-6.2.1.jar:6.2.1]
	at org.springframework.web.filter.CorsFilter.doFilterInternal(CorsFilter.java:91) ~[spring-web-6.1.3.jar:6.1.3]
	at org.springframework.web.filter.OncePerRequestFilter.doFilter(OncePerRequestFilter.java:116) ~[spring-web-6.1.3.jar:6.1.3]
	at org.springframework.security.web.FilterChainProxy$VirtualFilterChain.doFilter(FilterChainProxy.java:374) ~[spring-security-web-6.2.1.jar:6.2.1]
	at org.springframework.security.web.header.HeaderWriterFilter.doHeadersAfter(HeaderWriterFilter.java:90) ~[spring-security-web-6.2.1.jar:6.2.1]
	at org.springframework.security.web.header.HeaderWriterFilter.doFilterInternal(HeaderWriterFilter.java:75) ~[spring-security-web-6.2.1.jar:6.2.1]
	at org.springframework.web.filter.OncePerRequestFilter.doFilter(OncePerRequestFilter.java:116) ~[spring-web-6.1.3.jar:6.1.3]
	at org.springframework.security.web.FilterChainProxy$VirtualFilterChain.doFilter(FilterChainProxy.java:374) ~[spring-security-web-6.2.1.jar:6.2.1]
	at org.springframework.security.web.context.SecurityContextHolderFilter.doFilter(SecurityContextHolderFilter.java:82) ~[spring-security-web-6.2.1.jar:6.2.1]
	at org.springframework.security.web.context.SecurityContextHolderFilter.doFilter(SecurityContextHolderFilter.java:69) ~[spring-security-web-6.2.1.jar:6.2.1]
	at org.springframework.security.web.FilterChainProxy$VirtualFilterChain.doFilter(FilterChainProxy.java:374) ~[spring-security-web-6.2.1.jar:6.2.1]
	at org.springframework.security.web.context.request.async.WebAsyncManagerIntegrationFilter.doFilterInternal(WebAsyncManagerIntegrationFilter.java:62) ~[spring-security-web-6.2.1.jar:6.2.1]
	at org.springframework.web.filter.OncePerRequestFilter.doFilter(OncePerRequestFilter.java:116) ~[spring-web-6.1.3.jar:6.1.3]
	at org.springframework.security.web.FilterChainProxy$VirtualFilterChain.doFilter(FilterChainProxy.java:374) ~[spring-security-web-6.2.1.jar:6.2.1]
	at org.springframework.security.web.session.DisableEncodeUrlFilter.doFilterInternal(DisableEncodeUrlFilter.java:42) ~[spring-security-web-6.2.1.jar:6.2.1]
	at org.springframework.web.filter.OncePerRequestFilter.doFilter(OncePerRequestFilter.java:116) ~[spring-web-6.1.3.jar:6.1.3]
	at org.springframework.security.web.FilterChainProxy$VirtualFilterChain.doFilter(FilterChainProxy.java:374) ~[spring-security-web-6.2.1.jar:6.2.1]
	at org.springframework.security.web.FilterChainProxy.doFilterInternal(FilterChainProxy.java:233) ~[spring-security-web-6.2.1.jar:6.2.1]
	at org.springframework.security.web.FilterChainProxy.doFilter(FilterChainProxy.java:191) ~[spring-security-web-6.2.1.jar:6.2.1]
	at org.springframework.web.filter.CompositeFilter$VirtualFilterChain.doFilter(CompositeFilter.java:113) ~[spring-web-6.1.3.jar:6.1.3]
	at org.springframework.web.servlet.handler.HandlerMappingIntrospector.lambda$createCacheFilter$3(HandlerMappingIntrospector.java:195) ~[spring-webmvc-6.1.3.jar:6.1.3]
	at org.springframework.web.filter.CompositeFilter$VirtualFilterChain.doFilter(CompositeFilter.java:113) ~[spring-web-6.1.3.jar:6.1.3]
	at org.springframework.web.filter.CompositeFilter.doFilter(CompositeFilter.java:74) ~[spring-web-6.1.3.jar:6.1.3]
	at org.springframework.security.config.annotation.web.configuration.WebMvcSecurityConfiguration$CompositeFilterChainProxy.doFilter(WebMvcSecurityConfiguration.java:225) ~[spring-security-config-6.2.1.jar:6.2.1]
	at org.springframework.web.filter.DelegatingFilterProxy.invokeDelegate(DelegatingFilterProxy.java:352) ~[spring-web-6.1.3.jar:6.1.3]
	at org.springframework.web.filter.DelegatingFilterProxy.doFilter(DelegatingFilterProxy.java:268) ~[spring-web-6.1.3.jar:6.1.3]
	at org.apache.catalina.core.ApplicationFilterChain.internalDoFilter(ApplicationFilterChain.java:174) ~[tomcat-embed-core-10.1.18.jar:10.1.18]
	at org.apache.catalina.core.ApplicationFilterChain.doFilter(ApplicationFilterChain.java:149) ~[tomcat-embed-core-10.1.18.jar:10.1.18]
	at org.springframework.web.filter.RequestContextFilter.doFilterInternal(RequestContextFilter.java:100) ~[spring-web-6.1.3.jar:6.1.3]
	at org.springframework.web.filter.OncePerRequestFilter.doFilter(OncePerRequestFilter.java:116) ~[spring-web-6.1.3.jar:6.1.3]
	at org.apache.catalina.core.ApplicationFilterChain.internalDoFilter(ApplicationFilterChain.java:174) ~[tomcat-embed-core-10.1.18.jar:10.1.18]
	at org.apache.catalina.core.ApplicationFilterChain.doFilter(ApplicationFilterChain.java:149) ~[tomcat-embed-core-10.1.18.jar:10.1.18]
	at org.springframework.web.filter.FormContentFilter.doFilterInternal(FormContentFilter.java:93) ~[spring-web-6.1.3.jar:6.1.3]
	at org.springframework.web.filter.OncePerRequestFilter.doFilter(OncePerRequestFilter.java:116) ~[spring-web-6.1.3.jar:6.1.3]
	at org.apache.catalina.core.ApplicationFilterChain.internalDoFilter(ApplicationFilterChain.java:174) ~[tomcat-embed-core-10.1.18.jar:10.1.18]
	at org.apache.catalina.core.ApplicationFilterChain.doFilter(ApplicationFilterChain.java:149) ~[tomcat-embed-core-10.1.18.jar:10.1.18]
	at org.springframework.web.filter.CharacterEncodingFilter.doFilterInternal(CharacterEncodingFilter.java:201) ~[spring-web-6.1.3.jar:6.1.3]
	at org.springframework.web.filter.OncePerRequestFilter.doFilter(OncePerRequestFilter.java:116) ~[spring-web-6.1.3.jar:6.1.3]
	at org.apache.catalina.core.ApplicationFilterChain.internalDoFilter(ApplicationFilterChain.java:174) ~[tomcat-embed-core-10.1.18.jar:10.1.18]
	at org.apache.catalina.core.ApplicationFilterChain.doFilter(ApplicationFilterChain.java:149) ~[tomcat-embed-core-10.1.18.jar:10.1.18]
	at org.apache.catalina.core.StandardWrapperValve.invoke(StandardWrapperValve.java:167) ~[tomcat-embed-core-10.1.18.jar:10.1.18]
	at org.apache.catalina.core.StandardContextValve.invoke(StandardContextValve.java:90) ~[tomcat-embed-core-10.1.18.jar:10.1.18]
	at org.apache.catalina.authenticator.AuthenticatorBase.invoke(AuthenticatorBase.java:482) ~[tomcat-embed-core-10.1.18.jar:10.1.18]
	at org.apache.catalina.core.StandardHostValve.invoke(StandardHostValve.java:115) ~[tomcat-embed-core-10.1.18.jar:10.1.18]
	at org.apache.catalina.valves.ErrorReportValve.invoke(ErrorReportValve.java:93) ~[tomcat-embed-core-10.1.18.jar:10.1.18]
	at org.apache.catalina.core.StandardEngineValve.invoke(StandardEngineValve.java:74) ~[tomcat-embed-core-10.1.18.jar:10.1.18]
	at org.apache.catalina.connector.CoyoteAdapter.service(CoyoteAdapter.java:340) ~[tomcat-embed-core-10.1.18.jar:10.1.18]
	at org.apache.coyote.http11.Http11Processor.service(Http11Processor.java:391) ~[tomcat-embed-core-10.1.18.jar:10.1.18]
	at org.apache.coyote.AbstractProcessorLight.process(AbstractProcessorLight.java:63) ~[tomcat-embed-core-10.1.18.jar:10.1.18]
	at org.apache.coyote.AbstractProtocol$ConnectionHandler.process(AbstractProtocol.java:896) ~[tomcat-embed-core-10.1.18.jar:10.1.18]
	at org.apache.tomcat.util.net.NioEndpoint$SocketProcessor.doRun(NioEndpoint.java:1744) ~[tomcat-embed-core-10.1.18.jar:10.1.18]
	at org.apache.tomcat.util.net.SocketProcessorBase.run(SocketProcessorBase.java:52) ~[tomcat-embed-core-10.1.18.jar:10.1.18]
	at org.apache.tomcat.util.threads.ThreadPoolExecutor.runWorker(ThreadPoolExecutor.java:1191) ~[tomcat-embed-core-10.1.18.jar:10.1.18]
	at org.apache.tomcat.util.threads.ThreadPoolExecutor$Worker.run(ThreadPoolExecutor.java:659) ~[tomcat-embed-core-10.1.18.jar:10.1.18]
	at org.apache.tomcat.util.threads.TaskThread$WrappingRunnable.run(TaskThread.java:61) ~[tomcat-embed-core-10.1.18.jar:10.1.18]
	at java.base/java.lang.Thread.run(Thread.java:842) ~[na:na]

2026-05-28T11:17:14.536+01:00 ERROR 7992 --- [terrarent] [http-nio-8081-exec-10] o.a.c.c.C.[.[.[/].[dispatcherServlet]    : Servlet.service() for servlet [dispatcherServlet] in context with path [] threw exception

org.springframework.security.core.userdetails.UsernameNotFoundException: User not found
	at com.terrarent.config.ApplicationConfig.lambda$2(ApplicationConfig.java:27) ~[classes/:na]
	at java.base/java.util.Optional.orElseThrow(Optional.java:403) ~[na:na]
	at com.terrarent.config.ApplicationConfig.lambda$0(ApplicationConfig.java:27) ~[classes/:na]
	at com.terrarent.config.JwtAuthenticationFilter.doFilterInternal(JwtAuthenticationFilter.java:68) ~[classes/:na]
	at org.springframework.web.filter.OncePerRequestFilter.doFilter(OncePerRequestFilter.java:116) ~[spring-web-6.1.3.jar:6.1.3]
	at org.springframework.security.web.FilterChainProxy$VirtualFilterChain.doFilter(FilterChainProxy.java:374) ~[spring-security-web-6.2.1.jar:6.2.1]
	at org.springframework.security.web.authentication.logout.LogoutFilter.doFilter(LogoutFilter.java:107) ~[spring-security-web-6.2.1.jar:6.2.1]
	at org.springframework.security.web.authentication.logout.LogoutFilter.doFilter(LogoutFilter.java:93) ~[spring-security-web-6.2.1.jar:6.2.1]
	at org.springframework.security.web.FilterChainProxy$VirtualFilterChain.doFilter(FilterChainProxy.java:374) ~[spring-security-web-6.2.1.jar:6.2.1]
	at org.springframework.web.filter.CorsFilter.doFilterInternal(CorsFilter.java:91) ~[spring-web-6.1.3.jar:6.1.3]
	at org.springframework.web.filter.OncePerRequestFilter.doFilter(OncePerRequestFilter.java:116) ~[spring-web-6.1.3.jar:6.1.3]
	at org.springframework.security.web.FilterChainProxy$VirtualFilterChain.doFilter(FilterChainProxy.java:374) ~[spring-security-web-6.2.1.jar:6.2.1]
	at org.springframework.security.web.header.HeaderWriterFilter.doHeadersAfter(HeaderWriterFilter.java:90) ~[spring-security-web-6.2.1.jar:6.2.1]
	at org.springframework.security.web.header.HeaderWriterFilter.doFilterInternal(HeaderWriterFilter.java:75) ~[spring-security-web-6.2.1.jar:6.2.1]
	at org.springframework.web.filter.OncePerRequestFilter.doFilter(OncePerRequestFilter.java:116) ~[spring-web-6.1.3.jar:6.1.3]
	at org.springframework.security.web.FilterChainProxy$VirtualFilterChain.doFilter(FilterChainProxy.java:374) ~[spring-security-web-6.2.1.jar:6.2.1]
	at org.springframework.security.web.context.SecurityContextHolderFilter.doFilter(SecurityContextHolderFilter.java:82) ~[spring-security-web-6.2.1.jar:6.2.1]
	at org.springframework.security.web.context.SecurityContextHolderFilter.doFilter(SecurityContextHolderFilter.java:69) ~[spring-security-web-6.2.1.jar:6.2.1]
	at org.springframework.security.web.FilterChainProxy$VirtualFilterChain.doFilter(FilterChainProxy.java:374) ~[spring-security-web-6.2.1.jar:6.2.1]
	at org.springframework.security.web.context.request.async.WebAsyncManagerIntegrationFilter.doFilterInternal(WebAsyncManagerIntegrationFilter.java:62) ~[spring-security-web-6.2.1.jar:6.2.1]
	at org.springframework.web.filter.OncePerRequestFilter.doFilter(OncePerRequestFilter.java:116) ~[spring-web-6.1.3.jar:6.1.3]
	at org.springframework.security.web.FilterChainProxy$VirtualFilterChain.doFilter(FilterChainProxy.java:374) ~[spring-security-web-6.2.1.jar:6.2.1]
	at org.springframework.security.web.session.DisableEncodeUrlFilter.doFilterInternal(DisableEncodeUrlFilter.java:42) ~[spring-security-web-6.2.1.jar:6.2.1]
	at org.springframework.web.filter.OncePerRequestFilter.doFilter(OncePerRequestFilter.java:116) ~[spring-web-6.1.3.jar:6.1.3]
	at org.springframework.security.web.FilterChainProxy$VirtualFilterChain.doFilter(FilterChainProxy.java:374) ~[spring-security-web-6.2.1.jar:6.2.1]
	at org.springframework.security.web.FilterChainProxy.doFilterInternal(FilterChainProxy.java:233) ~[spring-security-web-6.2.1.jar:6.2.1]
	at org.springframework.security.web.FilterChainProxy.doFilter(FilterChainProxy.java:191) ~[spring-security-web-6.2.1.jar:6.2.1]
	at org.springframework.web.filter.CompositeFilter$VirtualFilterChain.doFilter(CompositeFilter.java:113) ~[spring-web-6.1.3.jar:6.1.3]
	at org.springframework.web.servlet.handler.HandlerMappingIntrospector.lambda$createCacheFilter$3(HandlerMappingIntrospector.java:195) ~[spring-webmvc-6.1.3.jar:6.1.3]
	at org.springframework.web.filter.CompositeFilter$VirtualFilterChain.doFilter(CompositeFilter.java:113) ~[spring-web-6.1.3.jar:6.1.3]
	at org.springframework.web.filter.CompositeFilter.doFilter(CompositeFilter.java:74) ~[spring-web-6.1.3.jar:6.1.3]
	at org.springframework.security.config.annotation.web.configuration.WebMvcSecurityConfiguration$CompositeFilterChainProxy.doFilter(WebMvcSecurityConfiguration.java:225) ~[spring-security-config-6.2.1.jar:6.2.1]
	at org.springframework.web.filter.DelegatingFilterProxy.invokeDelegate(DelegatingFilterProxy.java:352) ~[spring-web-6.1.3.jar:6.1.3]
	at org.springframework.web.filter.DelegatingFilterProxy.doFilter(DelegatingFilterProxy.java:268) ~[spring-web-6.1.3.jar:6.1.3]
	at org.apache.catalina.core.ApplicationFilterChain.internalDoFilter(ApplicationFilterChain.java:174) ~[tomcat-embed-core-10.1.18.jar:10.1.18]
	at org.apache.catalina.core.ApplicationFilterChain.doFilter(ApplicationFilterChain.java:149) ~[tomcat-embed-core-10.1.18.jar:10.1.18]
	at org.springframework.web.filter.RequestContextFilter.doFilterInternal(RequestContextFilter.java:100) ~[spring-web-6.1.3.jar:6.1.3]
	at org.springframework.web.filter.OncePerRequestFilter.doFilter(OncePerRequestFilter.java:116) ~[spring-web-6.1.3.jar:6.1.3]
	at org.apache.catalina.core.ApplicationFilterChain.internalDoFilter(ApplicationFilterChain.java:174) ~[tomcat-embed-core-10.1.18.jar:10.1.18]
	at org.apache.catalina.core.ApplicationFilterChain.doFilter(ApplicationFilterChain.java:149) ~[tomcat-embed-core-10.1.18.jar:10.1.18]
	at org.springframework.web.filter.FormContentFilter.doFilterInternal(FormContentFilter.java:93) ~[spring-web-6.1.3.jar:6.1.3]
	at org.springframework.web.filter.OncePerRequestFilter.doFilter(OncePerRequestFilter.java:116) ~[spring-web-6.1.3.jar:6.1.3]
	at org.apache.catalina.core.ApplicationFilterChain.internalDoFilter(ApplicationFilterChain.java:174) ~[tomcat-embed-core-10.1.18.jar:10.1.18]
	at org.apache.catalina.core.ApplicationFilterChain.doFilter(ApplicationFilterChain.java:149) ~[tomcat-embed-core-10.1.18.jar:10.1.18]
	at org.springframework.web.filter.CharacterEncodingFilter.doFilterInternal(CharacterEncodingFilter.java:201) ~[spring-web-6.1.3.jar:6.1.3]
	at org.springframework.web.filter.OncePerRequestFilter.doFilter(OncePerRequestFilter.java:116) ~[spring-web-6.1.3.jar:6.1.3]
	at org.apache.catalina.core.ApplicationFilterChain.internalDoFilter(ApplicationFilterChain.java:174) ~[tomcat-embed-core-10.1.18.jar:10.1.18]
	at org.apache.catalina.core.ApplicationFilterChain.doFilter(ApplicationFilterChain.java:149) ~[tomcat-embed-core-10.1.18.jar:10.1.18]
	at org.apache.catalina.core.StandardWrapperValve.invoke(StandardWrapperValve.java:167) ~[tomcat-embed-core-10.1.18.jar:10.1.18]
	at org.apache.catalina.core.StandardContextValve.invoke(StandardContextValve.java:90) ~[tomcat-embed-core-10.1.18.jar:10.1.18]
	at org.apache.catalina.authenticator.AuthenticatorBase.invoke(AuthenticatorBase.java:482) ~[tomcat-embed-core-10.1.18.jar:10.1.18]
	at org.apache.catalina.core.StandardHostValve.invoke(StandardHostValve.java:115) ~[tomcat-embed-core-10.1.18.jar:10.1.18]
	at org.apache.catalina.valves.ErrorReportValve.invoke(ErrorReportValve.java:93) ~[tomcat-embed-core-10.1.18.jar:10.1.18]
	at org.apache.catalina.core.StandardEngineValve.invoke(StandardEngineValve.java:74) ~[tomcat-embed-core-10.1.18.jar:10.1.18]
	at org.apache.catalina.connector.CoyoteAdapter.service(CoyoteAdapter.java:340) ~[tomcat-embed-core-10.1.18.jar:10.1.18]
	at org.apache.coyote.http11.Http11Processor.service(Http11Processor.java:391) ~[tomcat-embed-core-10.1.18.jar:10.1.18]
	at org.apache.coyote.AbstractProcessorLight.process(AbstractProcessorLight.java:63) ~[tomcat-embed-core-10.1.18.jar:10.1.18]
	at org.apache.coyote.AbstractProtocol$ConnectionHandler.process(AbstractProtocol.java:896) ~[tomcat-embed-core-10.1.18.jar:10.1.18]
	at org.apache.tomcat.util.net.NioEndpoint$SocketProcessor.doRun(NioEndpoint.java:1744) ~[tomcat-embed-core-10.1.18.jar:10.1.18]
	at org.apache.tomcat.util.net.SocketProcessorBase.run(SocketProcessorBase.java:52) ~[tomcat-embed-core-10.1.18.jar:10.1.18]
	at org.apache.tomcat.util.threads.ThreadPoolExecutor.runWorker(ThreadPoolExecutor.java:1191) ~[tomcat-embed-core-10.1.18.jar:10.1.18]
	at org.apache.tomcat.util.threads.ThreadPoolExecutor$Worker.run(ThreadPoolExecutor.java:659) ~[tomcat-embed-core-10.1.18.jar:10.1.18]
	at org.apache.tomcat.util.threads.TaskThread$WrappingRunnable.run(TaskThread.java:61) ~[tomcat-embed-core-10.1.18.jar:10.1.18]
	at java.base/java.lang.Thread.run(Thread.java:842) ~[na:na]

2026-05-28T11:17:18.973+01:00 ERROR 7992 --- [terrarent] [http-nio-8081-exec-3] o.a.c.c.C.[.[.[/].[dispatcherServlet]    : Servlet.service() for servlet [dispatcherServlet] in context with path [] threw exception

org.springframework.security.core.userdetails.UsernameNotFoundException: User not found
	at com.terrarent.config.ApplicationConfig.lambda$2(ApplicationConfig.java:27) ~[classes/:na]
	at java.base/java.util.Optional.orElseThrow(Optional.java:403) ~[na:na]
	at com.terrarent.config.ApplicationConfig.lambda$0(ApplicationConfig.java:27) ~[classes/:na]
	at com.terrarent.config.JwtAuthenticationFilter.doFilterInternal(JwtAuthenticationFilter.java:68) ~[classes/:na]
	at org.springframework.web.filter.OncePerRequestFilter.doFilter(OncePerRequestFilter.java:116) ~[spring-web-6.1.3.jar:6.1.3]
	at org.springframework.security.web.FilterChainProxy$VirtualFilterChain.doFilter(FilterChainProxy.java:374) ~[spring-security-web-6.2.1.jar:6.2.1]
	at org.springframework.security.web.authentication.logout.LogoutFilter.doFilter(LogoutFilter.java:107) ~[spring-security-web-6.2.1.jar:6.2.1]
	at org.springframework.security.web.authentication.logout.LogoutFilter.doFilter(LogoutFilter.java:93) ~[spring-security-web-6.2.1.jar:6.2.1]
	at org.springframework.security.web.FilterChainProxy$VirtualFilterChain.doFilter(FilterChainProxy.java:374) ~[spring-security-web-6.2.1.jar:6.2.1]
	at org.springframework.web.filter.CorsFilter.doFilterInternal(CorsFilter.java:91) ~[spring-web-6.1.3.jar:6.1.3]
	at org.springframework.web.filter.OncePerRequestFilter.doFilter(OncePerRequestFilter.java:116) ~[spring-web-6.1.3.jar:6.1.3]
	at org.springframework.security.web.FilterChainProxy$VirtualFilterChain.doFilter(FilterChainProxy.java:374) ~[spring-security-web-6.2.1.jar:6.2.1]
	at org.springframework.security.web.header.HeaderWriterFilter.doHeadersAfter(HeaderWriterFilter.java:90) ~[spring-security-web-6.2.1.jar:6.2.1]
	at org.springframework.security.web.header.HeaderWriterFilter.doFilterInternal(HeaderWriterFilter.java:75) ~[spring-security-web-6.2.1.jar:6.2.1]
	at org.springframework.web.filter.OncePerRequestFilter.doFilter(OncePerRequestFilter.java:116) ~[spring-web-6.1.3.jar:6.1.3]
	at org.springframework.security.web.FilterChainProxy$VirtualFilterChain.doFilter(FilterChainProxy.java:374) ~[spring-security-web-6.2.1.jar:6.2.1]
	at org.springframework.security.web.context.SecurityContextHolderFilter.doFilter(SecurityContextHolderFilter.java:82) ~[spring-security-web-6.2.1.jar:6.2.1]
	at org.springframework.security.web.context.SecurityContextHolderFilter.doFilter(SecurityContextHolderFilter.java:69) ~[spring-security-web-6.2.1.jar:6.2.1]
	at org.springframework.security.web.FilterChainProxy$VirtualFilterChain.doFilter(FilterChainProxy.java:374) ~[spring-security-web-6.2.1.jar:6.2.1]
	at org.springframework.security.web.context.request.async.WebAsyncManagerIntegrationFilter.doFilterInternal(WebAsyncManagerIntegrationFilter.java:62) ~[spring-security-web-6.2.1.jar:6.2.1]
	at org.springframework.web.filter.OncePerRequestFilter.doFilter(OncePerRequestFilter.java:116) ~[spring-web-6.1.3.jar:6.1.3]
	at org.springframework.security.web.FilterChainProxy$VirtualFilterChain.doFilter(FilterChainProxy.java:374) ~[spring-security-web-6.2.1.jar:6.2.1]
	at org.springframework.security.web.session.DisableEncodeUrlFilter.doFilterInternal(DisableEncodeUrlFilter.java:42) ~[spring-security-web-6.2.1.jar:6.2.1]
	at org.springframework.web.filter.OncePerRequestFilter.doFilter(OncePerRequestFilter.java:116) ~[spring-web-6.1.3.jar:6.1.3]
	at org.springframework.security.web.FilterChainProxy$VirtualFilterChain.doFilter(FilterChainProxy.java:374) ~[spring-security-web-6.2.1.jar:6.2.1]
	at org.springframework.security.web.FilterChainProxy.doFilterInternal(FilterChainProxy.java:233) ~[spring-security-web-6.2.1.jar:6.2.1]
	at org.springframework.security.web.FilterChainProxy.doFilter(FilterChainProxy.java:191) ~[spring-security-web-6.2.1.jar:6.2.1]
	at org.springframework.web.filter.CompositeFilter$VirtualFilterChain.doFilter(CompositeFilter.java:113) ~[spring-web-6.1.3.jar:6.1.3]
	at org.springframework.web.servlet.handler.HandlerMappingIntrospector.lambda$createCacheFilter$3(HandlerMappingIntrospector.java:195) ~[spring-webmvc-6.1.3.jar:6.1.3]
	at org.springframework.web.filter.CompositeFilter$VirtualFilterChain.doFilter(CompositeFilter.java:113) ~[spring-web-6.1.3.jar:6.1.3]
	at org.springframework.web.filter.CompositeFilter.doFilter(CompositeFilter.java:74) ~[spring-web-6.1.3.jar:6.1.3]
	at org.springframework.security.config.annotation.web.configuration.WebMvcSecurityConfiguration$CompositeFilterChainProxy.doFilter(WebMvcSecurityConfiguration.java:225) ~[spring-security-config-6.2.1.jar:6.2.1]
	at org.springframework.web.filter.DelegatingFilterProxy.invokeDelegate(DelegatingFilterProxy.java:352) ~[spring-web-6.1.3.jar:6.1.3]
	at org.springframework.web.filter.DelegatingFilterProxy.doFilter(DelegatingFilterProxy.java:268) ~[spring-web-6.1.3.jar:6.1.3]
	at org.apache.catalina.core.ApplicationFilterChain.internalDoFilter(ApplicationFilterChain.java:174) ~[tomcat-embed-core-10.1.18.jar:10.1.18]
	at org.apache.catalina.core.ApplicationFilterChain.doFilter(ApplicationFilterChain.java:149) ~[tomcat-embed-core-10.1.18.jar:10.1.18]
	at org.springframework.web.filter.RequestContextFilter.doFilterInternal(RequestContextFilter.java:100) ~[spring-web-6.1.3.jar:6.1.3]
	at org.springframework.web.filter.OncePerRequestFilter.doFilter(OncePerRequestFilter.java:116) ~[spring-web-6.1.3.jar:6.1.3]
	at org.apache.catalina.core.ApplicationFilterChain.internalDoFilter(ApplicationFilterChain.java:174) ~[tomcat-embed-core-10.1.18.jar:10.1.18]
	at org.apache.catalina.core.ApplicationFilterChain.doFilter(ApplicationFilterChain.java:149) ~[tomcat-embed-core-10.1.18.jar:10.1.18]
	at org.springframework.web.filter.FormContentFilter.doFilterInternal(FormContentFilter.java:93) ~[spring-web-6.1.3.jar:6.1.3]
	at org.springframework.web.filter.OncePerRequestFilter.doFilter(OncePerRequestFilter.java:116) ~[spring-web-6.1.3.jar:6.1.3]
	at org.apache.catalina.core.ApplicationFilterChain.internalDoFilter(ApplicationFilterChain.java:174) ~[tomcat-embed-core-10.1.18.jar:10.1.18]
	at org.apache.catalina.core.ApplicationFilterChain.doFilter(ApplicationFilterChain.java:149) ~[tomcat-embed-core-10.1.18.jar:10.1.18]
	at org.springframework.web.filter.CharacterEncodingFilter.doFilterInternal(CharacterEncodingFilter.java:201) ~[spring-web-6.1.3.jar:6.1.3]
	at org.springframework.web.filter.OncePerRequestFilter.doFilter(OncePerRequestFilter.java:116) ~[spring-web-6.1.3.jar:6.1.3]
	at org.apache.catalina.core.ApplicationFilterChain.internalDoFilter(ApplicationFilterChain.java:174) ~[tomcat-embed-core-10.1.18.jar:10.1.18]
	at org.apache.catalina.core.ApplicationFilterChain.doFilter(ApplicationFilterChain.java:149) ~[tomcat-embed-core-10.1.18.jar:10.1.18]
	at org.apache.catalina.core.StandardWrapperValve.invoke(StandardWrapperValve.java:167) ~[tomcat-embed-core-10.1.18.jar:10.1.18]
	at org.apache.catalina.core.StandardContextValve.invoke(StandardContextValve.java:90) ~[tomcat-embed-core-10.1.18.jar:10.1.18]
	at org.apache.catalina.authenticator.AuthenticatorBase.invoke(AuthenticatorBase.java:482) ~[tomcat-embed-core-10.1.18.jar:10.1.18]
	at org.apache.catalina.core.StandardHostValve.invoke(StandardHostValve.java:115) ~[tomcat-embed-core-10.1.18.jar:10.1.18]
	at org.apache.catalina.valves.ErrorReportValve.invoke(ErrorReportValve.java:93) ~[tomcat-embed-core-10.1.18.jar:10.1.18]
	at org.apache.catalina.core.StandardEngineValve.invoke(StandardEngineValve.java:74) ~[tomcat-embed-core-10.1.18.jar:10.1.18]
	at org.apache.catalina.connector.CoyoteAdapter.service(CoyoteAdapter.java:340) ~[tomcat-embed-core-10.1.18.jar:10.1.18]
	at org.apache.coyote.http11.Http11Processor.service(Http11Processor.java:391) ~[tomcat-embed-core-10.1.18.jar:10.1.18]
	at org.apache.coyote.AbstractProcessorLight.process(AbstractProcessorLight.java:63) ~[tomcat-embed-core-10.1.18.jar:10.1.18]
	at org.apache.coyote.AbstractProtocol$ConnectionHandler.process(AbstractProtocol.java:896) ~[tomcat-embed-core-10.1.18.jar:10.1.18]
	at org.apache.tomcat.util.net.NioEndpoint$SocketProcessor.doRun(NioEndpoint.java:1744) ~[tomcat-embed-core-10.1.18.jar:10.1.18]
	at org.apache.tomcat.util.net.SocketProcessorBase.run(SocketProcessorBase.java:52) ~[tomcat-embed-core-10.1.18.jar:10.1.18]
	at org.apache.tomcat.util.threads.ThreadPoolExecutor.runWorker(ThreadPoolExecutor.java:1191) ~[tomcat-embed-core-10.1.18.jar:10.1.18]
	at org.apache.tomcat.util.threads.ThreadPoolExecutor$Worker.run(ThreadPoolExecutor.java:659) ~[tomcat-embed-core-10.1.18.jar:10.1.18]
	at org.apache.tomcat.util.threads.TaskThread$WrappingRunnable.run(TaskThread.java:61) ~[tomcat-embed-core-10.1.18.jar:10.1.18]
	at java.base/java.lang.Thread.run(Thread.java:842) ~[na:na]

2026-05-28T11:17:18.983+01:00 ERROR 7992 --- [terrarent] [http-nio-8081-exec-4] o.a.c.c.C.[.[.[/].[dispatcherServlet]    : Servlet.service() for servlet [dispatcherServlet] in context with path [] threw exception

org.springframework.security.core.userdetails.UsernameNotFoundException: User not found
	at com.terrarent.config.ApplicationConfig.lambda$2(ApplicationConfig.java:27) ~[classes/:na]
	at java.base/java.util.Optional.orElseThrow(Optional.java:403) ~[na:na]
	at com.terrarent.config.ApplicationConfig.lambda$0(ApplicationConfig.java:27) ~[classes/:na]
	at com.terrarent.config.JwtAuthenticationFilter.doFilterInternal(JwtAuthenticationFilter.java:68) ~[classes/:na]
	at org.springframework.web.filter.OncePerRequestFilter.doFilter(OncePerRequestFilter.java:116) ~[spring-web-6.1.3.jar:6.1.3]
	at org.springframework.security.web.FilterChainProxy$VirtualFilterChain.doFilter(FilterChainProxy.java:374) ~[spring-security-web-6.2.1.jar:6.2.1]
	at org.springframework.security.web.authentication.logout.LogoutFilter.doFilter(LogoutFilter.java:107) ~[spring-security-web-6.2.1.jar:6.2.1]
	at org.springframework.security.web.authentication.logout.LogoutFilter.doFilter(LogoutFilter.java:93) ~[spring-security-web-6.2.1.jar:6.2.1]
	at org.springframework.security.web.FilterChainProxy$VirtualFilterChain.doFilter(FilterChainProxy.java:374) ~[spring-security-web-6.2.1.jar:6.2.1]
	at org.springframework.web.filter.CorsFilter.doFilterInternal(CorsFilter.java:91) ~[spring-web-6.1.3.jar:6.1.3]
	at org.springframework.web.filter.OncePerRequestFilter.doFilter(OncePerRequestFilter.java:116) ~[spring-web-6.1.3.jar:6.1.3]
	at org.springframework.security.web.FilterChainProxy$VirtualFilterChain.doFilter(FilterChainProxy.java:374) ~[spring-security-web-6.2.1.jar:6.2.1]
	at org.springframework.security.web.header.HeaderWriterFilter.doHeadersAfter(HeaderWriterFilter.java:90) ~[spring-security-web-6.2.1.jar:6.2.1]
	at org.springframework.security.web.header.HeaderWriterFilter.doFilterInternal(HeaderWriterFilter.java:75) ~[spring-security-web-6.2.1.jar:6.2.1]
	at org.springframework.web.filter.OncePerRequestFilter.doFilter(OncePerRequestFilter.java:116) ~[spring-web-6.1.3.jar:6.1.3]
	at org.springframework.security.web.FilterChainProxy$VirtualFilterChain.doFilter(FilterChainProxy.java:374) ~[spring-security-web-6.2.1.jar:6.2.1]
	at org.springframework.security.web.context.SecurityContextHolderFilter.doFilter(SecurityContextHolderFilter.java:82) ~[spring-security-web-6.2.1.jar:6.2.1]
	at org.springframework.security.web.context.SecurityContextHolderFilter.doFilter(SecurityContextHolderFilter.java:69) ~[spring-security-web-6.2.1.jar:6.2.1]
	at org.springframework.security.web.FilterChainProxy$VirtualFilterChain.doFilter(FilterChainProxy.java:374) ~[spring-security-web-6.2.1.jar:6.2.1]
	at org.springframework.security.web.context.request.async.WebAsyncManagerIntegrationFilter.doFilterInternal(WebAsyncManagerIntegrationFilter.java:62) ~[spring-security-web-6.2.1.jar:6.2.1]
	at org.springframework.web.filter.OncePerRequestFilter.doFilter(OncePerRequestFilter.java:116) ~[spring-web-6.1.3.jar:6.1.3]
	at org.springframework.security.web.FilterChainProxy$VirtualFilterChain.doFilter(FilterChainProxy.java:374) ~[spring-security-web-6.2.1.jar:6.2.1]
	at org.springframework.security.web.session.DisableEncodeUrlFilter.doFilterInternal(DisableEncodeUrlFilter.java:42) ~[spring-security-web-6.2.1.jar:6.2.1]
	at org.springframework.web.filter.OncePerRequestFilter.doFilter(OncePerRequestFilter.java:116) ~[spring-web-6.1.3.jar:6.1.3]
	at org.springframework.security.web.FilterChainProxy$VirtualFilterChain.doFilter(FilterChainProxy.java:374) ~[spring-security-web-6.2.1.jar:6.2.1]
	at org.springframework.security.web.FilterChainProxy.doFilterInternal(FilterChainProxy.java:233) ~[spring-security-web-6.2.1.jar:6.2.1]
	at org.springframework.security.web.FilterChainProxy.doFilter(FilterChainProxy.java:191) ~[spring-security-web-6.2.1.jar:6.2.1]
	at org.springframework.web.filter.CompositeFilter$VirtualFilterChain.doFilter(CompositeFilter.java:113) ~[spring-web-6.1.3.jar:6.1.3]
	at org.springframework.web.servlet.handler.HandlerMappingIntrospector.lambda$createCacheFilter$3(HandlerMappingIntrospector.java:195) ~[spring-webmvc-6.1.3.jar:6.1.3]
	at org.springframework.web.filter.CompositeFilter$VirtualFilterChain.doFilter(CompositeFilter.java:113) ~[spring-web-6.1.3.jar:6.1.3]
	at org.springframework.web.filter.CompositeFilter.doFilter(CompositeFilter.java:74) ~[spring-web-6.1.3.jar:6.1.3]
	at org.springframework.security.config.annotation.web.configuration.WebMvcSecurityConfiguration$CompositeFilterChainProxy.doFilter(WebMvcSecurityConfiguration.java:225) ~[spring-security-config-6.2.1.jar:6.2.1]
	at org.springframework.web.filter.DelegatingFilterProxy.invokeDelegate(DelegatingFilterProxy.java:352) ~[spring-web-6.1.3.jar:6.1.3]
	at org.springframework.web.filter.DelegatingFilterProxy.doFilter(DelegatingFilterProxy.java:268) ~[spring-web-6.1.3.jar:6.1.3]
	at org.apache.catalina.core.ApplicationFilterChain.internalDoFilter(ApplicationFilterChain.java:174) ~[tomcat-embed-core-10.1.18.jar:10.1.18]
	at org.apache.catalina.core.ApplicationFilterChain.doFilter(ApplicationFilterChain.java:149) ~[tomcat-embed-core-10.1.18.jar:10.1.18]
	at org.springframework.web.filter.RequestContextFilter.doFilterInternal(RequestContextFilter.java:100) ~[spring-web-6.1.3.jar:6.1.3]
	at org.springframework.web.filter.OncePerRequestFilter.doFilter(OncePerRequestFilter.java:116) ~[spring-web-6.1.3.jar:6.1.3]
	at org.apache.catalina.core.ApplicationFilterChain.internalDoFilter(ApplicationFilterChain.java:174) ~[tomcat-embed-core-10.1.18.jar:10.1.18]
	at org.apache.catalina.core.ApplicationFilterChain.doFilter(ApplicationFilterChain.java:149) ~[tomcat-embed-core-10.1.18.jar:10.1.18]
	at org.springframework.web.filter.FormContentFilter.doFilterInternal(FormContentFilter.java:93) ~[spring-web-6.1.3.jar:6.1.3]
	at org.springframework.web.filter.OncePerRequestFilter.doFilter(OncePerRequestFilter.java:116) ~[spring-web-6.1.3.jar:6.1.3]
	at org.apache.catalina.core.ApplicationFilterChain.internalDoFilter(ApplicationFilterChain.java:174) ~[tomcat-embed-core-10.1.18.jar:10.1.18]
	at org.apache.catalina.core.ApplicationFilterChain.doFilter(ApplicationFilterChain.java:149) ~[tomcat-embed-core-10.1.18.jar:10.1.18]
	at org.springframework.web.filter.CharacterEncodingFilter.doFilterInternal(CharacterEncodingFilter.java:201) ~[spring-web-6.1.3.jar:6.1.3]
	at org.springframework.web.filter.OncePerRequestFilter.doFilter(OncePerRequestFilter.java:116) ~[spring-web-6.1.3.jar:6.1.3]
	at org.apache.catalina.core.ApplicationFilterChain.internalDoFilter(ApplicationFilterChain.java:174) ~[tomcat-embed-core-10.1.18.jar:10.1.18]
	at org.apache.catalina.core.ApplicationFilterChain.doFilter(ApplicationFilterChain.java:149) ~[tomcat-embed-core-10.1.18.jar:10.1.18]
	at org.apache.catalina.core.StandardWrapperValve.invoke(StandardWrapperValve.java:167) ~[tomcat-embed-core-10.1.18.jar:10.1.18]
	at org.apache.catalina.core.StandardContextValve.invoke(StandardContextValve.java:90) ~[tomcat-embed-core-10.1.18.jar:10.1.18]
	at org.apache.catalina.authenticator.AuthenticatorBase.invoke(AuthenticatorBase.java:482) ~[tomcat-embed-core-10.1.18.jar:10.1.18]
	at org.apache.catalina.core.StandardHostValve.invoke(StandardHostValve.java:115) ~[tomcat-embed-core-10.1.18.jar:10.1.18]
	at org.apache.catalina.valves.ErrorReportValve.invoke(ErrorReportValve.java:93) ~[tomcat-embed-core-10.1.18.jar:10.1.18]
	at org.apache.catalina.core.StandardEngineValve.invoke(StandardEngineValve.java:74) ~[tomcat-embed-core-10.1.18.jar:10.1.18]
	at org.apache.catalina.connector.CoyoteAdapter.service(CoyoteAdapter.java:340) ~[tomcat-embed-core-10.1.18.jar:10.1.18]
	at org.apache.coyote.http11.Http11Processor.service(Http11Processor.java:391) ~[tomcat-embed-core-10.1.18.jar:10.1.18]
	at org.apache.coyote.AbstractProcessorLight.process(AbstractProcessorLight.java:63) ~[tomcat-embed-core-10.1.18.jar:10.1.18]
	at org.apache.coyote.AbstractProtocol$ConnectionHandler.process(AbstractProtocol.java:896) ~[tomcat-embed-core-10.1.18.jar:10.1.18]
	at org.apache.tomcat.util.net.NioEndpoint$SocketProcessor.doRun(NioEndpoint.java:1744) ~[tomcat-embed-core-10.1.18.jar:10.1.18]
	at org.apache.tomcat.util.net.SocketProcessorBase.run(SocketProcessorBase.java:52) ~[tomcat-embed-core-10.1.18.jar:10.1.18]
	at org.apache.tomcat.util.threads.ThreadPoolExecutor.runWorker(ThreadPoolExecutor.java:1191) ~[tomcat-embed-core-10.1.18.jar:10.1.18]
	at org.apache.tomcat.util.threads.ThreadPoolExecutor$Worker.run(ThreadPoolExecutor.java:659) ~[tomcat-embed-core-10.1.18.jar:10.1.18]
	at org.apache.tomcat.util.threads.TaskThread$WrappingRunnable.run(TaskThread.java:61) ~[tomcat-embed-core-10.1.18.jar:10.1.18]
	at java.base/java.lang.Thread.run(Thread.java:842) ~[na:na]

2026-05-28T11:17:20.380+01:00 ERROR 7992 --- [terrarent] [http-nio-8081-exec-5] o.a.c.c.C.[.[.[/].[dispatcherServlet]    : Servlet.service() for servlet [dispatcherServlet] in context with path [] threw exception

org.springframework.security.core.userdetails.UsernameNotFoundException: User not found
	at com.terrarent.config.ApplicationConfig.lambda$2(ApplicationConfig.java:27) ~[classes/:na]
	at java.base/java.util.Optional.orElseThrow(Optional.java:403) ~[na:na]
	at com.terrarent.config.ApplicationConfig.lambda$0(ApplicationConfig.java:27) ~[classes/:na]
	at com.terrarent.config.JwtAuthenticationFilter.doFilterInternal(JwtAuthenticationFilter.java:68) ~[classes/:na]
	at org.springframework.web.filter.OncePerRequestFilter.doFilter(OncePerRequestFilter.java:116) ~[spring-web-6.1.3.jar:6.1.3]
	at org.springframework.security.web.FilterChainProxy$VirtualFilterChain.doFilter(FilterChainProxy.java:374) ~[spring-security-web-6.2.1.jar:6.2.1]
	at org.springframework.security.web.authentication.logout.LogoutFilter.doFilter(LogoutFilter.java:107) ~[spring-security-web-6.2.1.jar:6.2.1]
	at org.springframework.security.web.authentication.logout.LogoutFilter.doFilter(LogoutFilter.java:93) ~[spring-security-web-6.2.1.jar:6.2.1]
	at org.springframework.security.web.FilterChainProxy$VirtualFilterChain.doFilter(FilterChainProxy.java:374) ~[spring-security-web-6.2.1.jar:6.2.1]
	at org.springframework.web.filter.CorsFilter.doFilterInternal(CorsFilter.java:91) ~[spring-web-6.1.3.jar:6.1.3]
	at org.springframework.web.filter.OncePerRequestFilter.doFilter(OncePerRequestFilter.java:116) ~[spring-web-6.1.3.jar:6.1.3]
	at org.springframework.security.web.FilterChainProxy$VirtualFilterChain.doFilter(FilterChainProxy.java:374) ~[spring-security-web-6.2.1.jar:6.2.1]
	at org.springframework.security.web.header.HeaderWriterFilter.doHeadersAfter(HeaderWriterFilter.java:90) ~[spring-security-web-6.2.1.jar:6.2.1]
	at org.springframework.security.web.header.HeaderWriterFilter.doFilterInternal(HeaderWriterFilter.java:75) ~[spring-security-web-6.2.1.jar:6.2.1]
	at org.springframework.web.filter.OncePerRequestFilter.doFilter(OncePerRequestFilter.java:116) ~[spring-web-6.1.3.jar:6.1.3]
	at org.springframework.security.web.FilterChainProxy$VirtualFilterChain.doFilter(FilterChainProxy.java:374) ~[spring-security-web-6.2.1.jar:6.2.1]
	at org.springframework.security.web.context.SecurityContextHolderFilter.doFilter(SecurityContextHolderFilter.java:82) ~[spring-security-web-6.2.1.jar:6.2.1]
	at org.springframework.security.web.context.SecurityContextHolderFilter.doFilter(SecurityContextHolderFilter.java:69) ~[spring-security-web-6.2.1.jar:6.2.1]
	at org.springframework.security.web.FilterChainProxy$VirtualFilterChain.doFilter(FilterChainProxy.java:374) ~[spring-security-web-6.2.1.jar:6.2.1]
	at org.springframework.security.web.context.request.async.WebAsyncManagerIntegrationFilter.doFilterInternal(WebAsyncManagerIntegrationFilter.java:62) ~[spring-security-web-6.2.1.jar:6.2.1]
	at org.springframework.web.filter.OncePerRequestFilter.doFilter(OncePerRequestFilter.java:116) ~[spring-web-6.1.3.jar:6.1.3]
	at org.springframework.security.web.FilterChainProxy$VirtualFilterChain.doFilter(FilterChainProxy.java:374) ~[spring-security-web-6.2.1.jar:6.2.1]
	at org.springframework.security.web.session.DisableEncodeUrlFilter.doFilterInternal(DisableEncodeUrlFilter.java:42) ~[spring-security-web-6.2.1.jar:6.2.1]
	at org.springframework.web.filter.OncePerRequestFilter.doFilter(OncePerRequestFilter.java:116) ~[spring-web-6.1.3.jar:6.1.3]
	at org.springframework.security.web.FilterChainProxy$VirtualFilterChain.doFilter(FilterChainProxy.java:374) ~[spring-security-web-6.2.1.jar:6.2.1]
	at org.springframework.security.web.FilterChainProxy.doFilterInternal(FilterChainProxy.java:233) ~[spring-security-web-6.2.1.jar:6.2.1]
	at org.springframework.security.web.FilterChainProxy.doFilter(FilterChainProxy.java:191) ~[spring-security-web-6.2.1.jar:6.2.1]
	at org.springframework.web.filter.CompositeFilter$VirtualFilterChain.doFilter(CompositeFilter.java:113) ~[spring-web-6.1.3.jar:6.1.3]
	at org.springframework.web.servlet.handler.HandlerMappingIntrospector.lambda$createCacheFilter$3(HandlerMappingIntrospector.java:195) ~[spring-webmvc-6.1.3.jar:6.1.3]
	at org.springframework.web.filter.CompositeFilter$VirtualFilterChain.doFilter(CompositeFilter.java:113) ~[spring-web-6.1.3.jar:6.1.3]
	at org.springframework.web.filter.CompositeFilter.doFilter(CompositeFilter.java:74) ~[spring-web-6.1.3.jar:6.1.3]
	at org.springframework.security.config.annotation.web.configuration.WebMvcSecurityConfiguration$CompositeFilterChainProxy.doFilter(WebMvcSecurityConfiguration.java:225) ~[spring-security-config-6.2.1.jar:6.2.1]
	at org.springframework.web.filter.DelegatingFilterProxy.invokeDelegate(DelegatingFilterProxy.java:352) ~[spring-web-6.1.3.jar:6.1.3]
	at org.springframework.web.filter.DelegatingFilterProxy.doFilter(DelegatingFilterProxy.java:268) ~[spring-web-6.1.3.jar:6.1.3]
	at org.apache.catalina.core.ApplicationFilterChain.internalDoFilter(ApplicationFilterChain.java:174) ~[tomcat-embed-core-10.1.18.jar:10.1.18]
	at org.apache.catalina.core.ApplicationFilterChain.doFilter(ApplicationFilterChain.java:149) ~[tomcat-embed-core-10.1.18.jar:10.1.18]
	at org.springframework.web.filter.RequestContextFilter.doFilterInternal(RequestContextFilter.java:100) ~[spring-web-6.1.3.jar:6.1.3]
	at org.springframework.web.filter.OncePerRequestFilter.doFilter(OncePerRequestFilter.java:116) ~[spring-web-6.1.3.jar:6.1.3]
	at org.apache.catalina.core.ApplicationFilterChain.internalDoFilter(ApplicationFilterChain.java:174) ~[tomcat-embed-core-10.1.18.jar:10.1.18]
	at org.apache.catalina.core.ApplicationFilterChain.doFilter(ApplicationFilterChain.java:149) ~[tomcat-embed-core-10.1.18.jar:10.1.18]
	at org.springframework.web.filter.FormContentFilter.doFilterInternal(FormContentFilter.java:93) ~[spring-web-6.1.3.jar:6.1.3]
	at org.springframework.web.filter.OncePerRequestFilter.doFilter(OncePerRequestFilter.java:116) ~[spring-web-6.1.3.jar:6.1.3]
	at org.apache.catalina.core.ApplicationFilterChain.internalDoFilter(ApplicationFilterChain.java:174) ~[tomcat-embed-core-10.1.18.jar:10.1.18]
	at org.apache.catalina.core.ApplicationFilterChain.doFilter(ApplicationFilterChain.java:149) ~[tomcat-embed-core-10.1.18.jar:10.1.18]
	at org.springframework.web.filter.CharacterEncodingFilter.doFilterInternal(CharacterEncodingFilter.java:201) ~[spring-web-6.1.3.jar:6.1.3]
	at org.springframework.web.filter.OncePerRequestFilter.doFilter(OncePerRequestFilter.java:116) ~[spring-web-6.1.3.jar:6.1.3]
	at org.apache.catalina.core.ApplicationFilterChain.internalDoFilter(ApplicationFilterChain.java:174) ~[tomcat-embed-core-10.1.18.jar:10.1.18]
	at org.apache.catalina.core.ApplicationFilterChain.doFilter(ApplicationFilterChain.java:149) ~[tomcat-embed-core-10.1.18.jar:10.1.18]
	at org.apache.catalina.core.StandardWrapperValve.invoke(StandardWrapperValve.java:167) ~[tomcat-embed-core-10.1.18.jar:10.1.18]
	at org.apache.catalina.core.StandardContextValve.invoke(StandardContextValve.java:90) ~[tomcat-embed-core-10.1.18.jar:10.1.18]
	at org.apache.catalina.authenticator.AuthenticatorBase.invoke(AuthenticatorBase.java:482) ~[tomcat-embed-core-10.1.18.jar:10.1.18]
	at org.apache.catalina.core.StandardHostValve.invoke(StandardHostValve.java:115) ~[tomcat-embed-core-10.1.18.jar:10.1.18]
	at org.apache.catalina.valves.ErrorReportValve.invoke(ErrorReportValve.java:93) ~[tomcat-embed-core-10.1.18.jar:10.1.18]
	at org.apache.catalina.core.StandardEngineValve.invoke(StandardEngineValve.java:74) ~[tomcat-embed-core-10.1.18.jar:10.1.18]
	at org.apache.catalina.connector.CoyoteAdapter.service(CoyoteAdapter.java:340) ~[tomcat-embed-core-10.1.18.jar:10.1.18]
	at org.apache.coyote.http11.Http11Processor.service(Http11Processor.java:391) ~[tomcat-embed-core-10.1.18.jar:10.1.18]
	at org.apache.coyote.AbstractProcessorLight.process(AbstractProcessorLight.java:63) ~[tomcat-embed-core-10.1.18.jar:10.1.18]
	at org.apache.coyote.AbstractProtocol$ConnectionHandler.process(AbstractProtocol.java:896) ~[tomcat-embed-core-10.1.18.jar:10.1.18]
	at org.apache.tomcat.util.net.NioEndpoint$SocketProcessor.doRun(NioEndpoint.java:1744) ~[tomcat-embed-core-10.1.18.jar:10.1.18]
	at org.apache.tomcat.util.net.SocketProcessorBase.run(SocketProcessorBase.java:52) ~[tomcat-embed-core-10.1.18.jar:10.1.18]
	at org.apache.tomcat.util.threads.ThreadPoolExecutor.runWorker(ThreadPoolExecutor.java:1191) ~[tomcat-embed-core-10.1.18.jar:10.1.18]
	at org.apache.tomcat.util.threads.ThreadPoolExecutor$Worker.run(ThreadPoolExecutor.java:659) ~[tomcat-embed-core-10.1.18.jar:10.1.18]
	at org.apache.tomcat.util.threads.TaskThread$WrappingRunnable.run(TaskThread.java:61) ~[tomcat-embed-core-10.1.18.jar:10.1.18]
	at java.base/java.lang.Thread.run(Thread.java:842) ~[na:na]

2026-05-28T11:17:20.390+01:00 ERROR 7992 --- [terrarent] [http-nio-8081-exec-7] o.a.c.c.C.[.[.[/].[dispatcherServlet]    : Servlet.service() for servlet [dispatcherServlet] in context with path [] threw exception

org.springframework.security.core.userdetails.UsernameNotFoundException: User not found
	at com.terrarent.config.ApplicationConfig.lambda$2(ApplicationConfig.java:27) ~[classes/:na]
	at java.base/java.util.Optional.orElseThrow(Optional.java:403) ~[na:na]
	at com.terrarent.config.ApplicationConfig.lambda$0(ApplicationConfig.java:27) ~[classes/:na]
	at com.terrarent.config.JwtAuthenticationFilter.doFilterInternal(JwtAuthenticationFilter.java:68) ~[classes/:na]
	at org.springframework.web.filter.OncePerRequestFilter.doFilter(OncePerRequestFilter.java:116) ~[spring-web-6.1.3.jar:6.1.3]
	at org.springframework.security.web.FilterChainProxy$VirtualFilterChain.doFilter(FilterChainProxy.java:374) ~[spring-security-web-6.2.1.jar:6.2.1]
	at org.springframework.security.web.authentication.logout.LogoutFilter.doFilter(LogoutFilter.java:107) ~[spring-security-web-6.2.1.jar:6.2.1]
	at org.springframework.security.web.authentication.logout.LogoutFilter.doFilter(LogoutFilter.java:93) ~[spring-security-web-6.2.1.jar:6.2.1]
	at org.springframework.security.web.FilterChainProxy$VirtualFilterChain.doFilter(FilterChainProxy.java:374) ~[spring-security-web-6.2.1.jar:6.2.1]
	at org.springframework.web.filter.CorsFilter.doFilterInternal(CorsFilter.java:91) ~[spring-web-6.1.3.jar:6.1.3]
	at org.springframework.web.filter.OncePerRequestFilter.doFilter(OncePerRequestFilter.java:116) ~[spring-web-6.1.3.jar:6.1.3]
	at org.springframework.security.web.FilterChainProxy$VirtualFilterChain.doFilter(FilterChainProxy.java:374) ~[spring-security-web-6.2.1.jar:6.2.1]
	at org.springframework.security.web.header.HeaderWriterFilter.doHeadersAfter(HeaderWriterFilter.java:90) ~[spring-security-web-6.2.1.jar:6.2.1]
	at org.springframework.security.web.header.HeaderWriterFilter.doFilterInternal(HeaderWriterFilter.java:75) ~[spring-security-web-6.2.1.jar:6.2.1]
	at org.springframework.web.filter.OncePerRequestFilter.doFilter(OncePerRequestFilter.java:116) ~[spring-web-6.1.3.jar:6.1.3]
	at org.springframework.security.web.FilterChainProxy$VirtualFilterChain.doFilter(FilterChainProxy.java:374) ~[spring-security-web-6.2.1.jar:6.2.1]
	at org.springframework.security.web.context.SecurityContextHolderFilter.doFilter(SecurityContextHolderFilter.java:82) ~[spring-security-web-6.2.1.jar:6.2.1]
	at org.springframework.security.web.context.SecurityContextHolderFilter.doFilter(SecurityContextHolderFilter.java:69) ~[spring-security-web-6.2.1.jar:6.2.1]
	at org.springframework.security.web.FilterChainProxy$VirtualFilterChain.doFilter(FilterChainProxy.java:374) ~[spring-security-web-6.2.1.jar:6.2.1]
	at org.springframework.security.web.context.request.async.WebAsyncManagerIntegrationFilter.doFilterInternal(WebAsyncManagerIntegrationFilter.java:62) ~[spring-security-web-6.2.1.jar:6.2.1]
	at org.springframework.web.filter.OncePerRequestFilter.doFilter(OncePerRequestFilter.java:116) ~[spring-web-6.1.3.jar:6.1.3]
	at org.springframework.security.web.FilterChainProxy$VirtualFilterChain.doFilter(FilterChainProxy.java:374) ~[spring-security-web-6.2.1.jar:6.2.1]
	at org.springframework.security.web.session.DisableEncodeUrlFilter.doFilterInternal(DisableEncodeUrlFilter.java:42) ~[spring-security-web-6.2.1.jar:6.2.1]
	at org.springframework.web.filter.OncePerRequestFilter.doFilter(OncePerRequestFilter.java:116) ~[spring-web-6.1.3.jar:6.1.3]
	at org.springframework.security.web.FilterChainProxy$VirtualFilterChain.doFilter(FilterChainProxy.java:374) ~[spring-security-web-6.2.1.jar:6.2.1]
	at org.springframework.security.web.FilterChainProxy.doFilterInternal(FilterChainProxy.java:233) ~[spring-security-web-6.2.1.jar:6.2.1]
	at org.springframework.security.web.FilterChainProxy.doFilter(FilterChainProxy.java:191) ~[spring-security-web-6.2.1.jar:6.2.1]
	at org.springframework.web.filter.CompositeFilter$VirtualFilterChain.doFilter(CompositeFilter.java:113) ~[spring-web-6.1.3.jar:6.1.3]
	at org.springframework.web.servlet.handler.HandlerMappingIntrospector.lambda$createCacheFilter$3(HandlerMappingIntrospector.java:195) ~[spring-webmvc-6.1.3.jar:6.1.3]
	at org.springframework.web.filter.CompositeFilter$VirtualFilterChain.doFilter(CompositeFilter.java:113) ~[spring-web-6.1.3.jar:6.1.3]
	at org.springframework.web.filter.CompositeFilter.doFilter(CompositeFilter.java:74) ~[spring-web-6.1.3.jar:6.1.3]
	at org.springframework.security.config.annotation.web.configuration.WebMvcSecurityConfiguration$CompositeFilterChainProxy.doFilter(WebMvcSecurityConfiguration.java:225) ~[spring-security-config-6.2.1.jar:6.2.1]
	at org.springframework.web.filter.DelegatingFilterProxy.invokeDelegate(DelegatingFilterProxy.java:352) ~[spring-web-6.1.3.jar:6.1.3]
	at org.springframework.web.filter.DelegatingFilterProxy.doFilter(DelegatingFilterProxy.java:268) ~[spring-web-6.1.3.jar:6.1.3]
	at org.apache.catalina.core.ApplicationFilterChain.internalDoFilter(ApplicationFilterChain.java:174) ~[tomcat-embed-core-10.1.18.jar:10.1.18]
	at org.apache.catalina.core.ApplicationFilterChain.doFilter(ApplicationFilterChain.java:149) ~[tomcat-embed-core-10.1.18.jar:10.1.18]
	at org.springframework.web.filter.RequestContextFilter.doFilterInternal(RequestContextFilter.java:100) ~[spring-web-6.1.3.jar:6.1.3]
	at org.springframework.web.filter.OncePerRequestFilter.doFilter(OncePerRequestFilter.java:116) ~[spring-web-6.1.3.jar:6.1.3]
	at org.apache.catalina.core.ApplicationFilterChain.internalDoFilter(ApplicationFilterChain.java:174) ~[tomcat-embed-core-10.1.18.jar:10.1.18]
	at org.apache.catalina.core.ApplicationFilterChain.doFilter(ApplicationFilterChain.java:149) ~[tomcat-embed-core-10.1.18.jar:10.1.18]
	at org.springframework.web.filter.FormContentFilter.doFilterInternal(FormContentFilter.java:93) ~[spring-web-6.1.3.jar:6.1.3]
	at org.springframework.web.filter.OncePerRequestFilter.doFilter(OncePerRequestFilter.java:116) ~[spring-web-6.1.3.jar:6.1.3]
	at org.apache.catalina.core.ApplicationFilterChain.internalDoFilter(ApplicationFilterChain.java:174) ~[tomcat-embed-core-10.1.18.jar:10.1.18]
	at org.apache.catalina.core.ApplicationFilterChain.doFilter(ApplicationFilterChain.java:149) ~[tomcat-embed-core-10.1.18.jar:10.1.18]
	at org.springframework.web.filter.CharacterEncodingFilter.doFilterInternal(CharacterEncodingFilter.java:201) ~[spring-web-6.1.3.jar:6.1.3]
	at org.springframework.web.filter.OncePerRequestFilter.doFilter(OncePerRequestFilter.java:116) ~[spring-web-6.1.3.jar:6.1.3]
	at org.apache.catalina.core.ApplicationFilterChain.internalDoFilter(ApplicationFilterChain.java:174) ~[tomcat-embed-core-10.1.18.jar:10.1.18]
	at org.apache.catalina.core.ApplicationFilterChain.doFilter(ApplicationFilterChain.java:149) ~[tomcat-embed-core-10.1.18.jar:10.1.18]
	at org.apache.catalina.core.StandardWrapperValve.invoke(StandardWrapperValve.java:167) ~[tomcat-embed-core-10.1.18.jar:10.1.18]
	at org.apache.catalina.core.StandardContextValve.invoke(StandardContextValve.java:90) ~[tomcat-embed-core-10.1.18.jar:10.1.18]
	at org.apache.catalina.authenticator.AuthenticatorBase.invoke(AuthenticatorBase.java:482) ~[tomcat-embed-core-10.1.18.jar:10.1.18]
	at org.apache.catalina.core.StandardHostValve.invoke(StandardHostValve.java:115) ~[tomcat-embed-core-10.1.18.jar:10.1.18]
	at org.apache.catalina.valves.ErrorReportValve.invoke(ErrorReportValve.java:93) ~[tomcat-embed-core-10.1.18.jar:10.1.18]
	at org.apache.catalina.core.StandardEngineValve.invoke(StandardEngineValve.java:74) ~[tomcat-embed-core-10.1.18.jar:10.1.18]
	at org.apache.catalina.connector.CoyoteAdapter.service(CoyoteAdapter.java:340) ~[tomcat-embed-core-10.1.18.jar:10.1.18]
	at org.apache.coyote.http11.Http11Processor.service(Http11Processor.java:391) ~[tomcat-embed-core-10.1.18.jar:10.1.18]
	at org.apache.coyote.AbstractProcessorLight.process(AbstractProcessorLight.java:63) ~[tomcat-embed-core-10.1.18.jar:10.1.18]
	at org.apache.coyote.AbstractProtocol$ConnectionHandler.process(AbstractProtocol.java:896) ~[tomcat-embed-core-10.1.18.jar:10.1.18]
	at org.apache.tomcat.util.net.NioEndpoint$SocketProcessor.doRun(NioEndpoint.java:1744) ~[tomcat-embed-core-10.1.18.jar:10.1.18]
	at org.apache.tomcat.util.net.SocketProcessorBase.run(SocketProcessorBase.java:52) ~[tomcat-embed-core-10.1.18.jar:10.1.18]
	at org.apache.tomcat.util.threads.ThreadPoolExecutor.runWorker(ThreadPoolExecutor.java:1191) ~[tomcat-embed-core-10.1.18.jar:10.1.18]
	at org.apache.tomcat.util.threads.ThreadPoolExecutor$Worker.run(ThreadPoolExecutor.java:659) ~[tomcat-embed-core-10.1.18.jar:10.1.18]
	at org.apache.tomcat.util.threads.TaskThread$WrappingRunnable.run(TaskThread.java:61) ~[tomcat-embed-core-10.1.18.jar:10.1.18]
	at java.base/java.lang.Thread.run(Thread.java:842) ~[na:na]

2026-05-28T11:18:39.263+01:00  INFO 22768 --- [terrarent] [restartedMain] com.terrarent.TerraRentApplication       : Starting TerraRentApplication using Java 17.0.12 with PID 22768 (C:\Users\torre\old\Documents\Projects\Hotel Management System\terrarent-backend\target\classes started by torre in C:\Users\torre\old\Documents\Projects\Hotel Management System\terrarent-backend)
2026-05-28T11:18:39.268+01:00 DEBUG 22768 --- [terrarent] [restartedMain] com.terrarent.TerraRentApplication       : Running with Spring Boot v3.2.2, Spring v6.1.3
2026-05-28T11:18:39.269+01:00  INFO 22768 --- [terrarent] [restartedMain] com.terrarent.TerraRentApplication       : No active profile set, falling back to 1 default profile: "default"
2026-05-28T11:18:39.465+01:00  INFO 22768 --- [terrarent] [restartedMain] .e.DevToolsPropertyDefaultsPostProcessor : Devtools property defaults active! Set 'spring.devtools.add-properties' to 'false' to disable
2026-05-28T11:18:39.471+01:00  INFO 22768 --- [terrarent] [restartedMain] .e.DevToolsPropertyDefaultsPostProcessor : For additional web related logging consider setting the 'logging.level.web' property to 'DEBUG'
2026-05-28T11:18:41.576+01:00  INFO 22768 --- [terrarent] [restartedMain] .s.d.r.c.RepositoryConfigurationDelegate : Bootstrapping Spring Data JPA repositories in DEFAULT mode.
2026-05-28T11:18:41.807+01:00  INFO 22768 --- [terrarent] [restartedMain] .s.d.r.c.RepositoryConfigurationDelegate : Finished Spring Data repository scanning in 217 ms. Found 16 JPA repository interfaces.
2026-05-28T11:18:43.729+01:00  INFO 22768 --- [terrarent] [restartedMain] o.s.b.w.embedded.tomcat.TomcatWebServer  : Tomcat initialized with port 8081 (http)
2026-05-28T11:18:43.760+01:00  INFO 22768 --- [terrarent] [restartedMain] o.apache.catalina.core.StandardService   : Starting service [Tomcat]
2026-05-28T11:18:43.762+01:00  INFO 22768 --- [terrarent] [restartedMain] o.apache.catalina.core.StandardEngine    : Starting Servlet engine: [Apache Tomcat/10.1.18]
2026-05-28T11:18:43.973+01:00  INFO 22768 --- [terrarent] [restartedMain] o.a.c.c.C.[Tomcat].[localhost].[/]       : Initializing Spring embedded WebApplicationContext
2026-05-28T11:18:43.977+01:00  INFO 22768 --- [terrarent] [restartedMain] w.s.c.ServletWebServerApplicationContext : Root WebApplicationContext: initialization completed in 4489 ms
2026-05-28T11:18:44.096+01:00  INFO 22768 --- [terrarent] [restartedMain] com.zaxxer.hikari.HikariDataSource       : HikariPool-1 - Starting...
2026-05-28T11:18:44.582+01:00  INFO 22768 --- [terrarent] [restartedMain] com.zaxxer.hikari.pool.HikariPool        : HikariPool-1 - Added connection conn0: url=jdbc:h2:mem:terrarentdb user=SA
2026-05-28T11:18:44.593+01:00  INFO 22768 --- [terrarent] [restartedMain] com.zaxxer.hikari.HikariDataSource       : HikariPool-1 - Start completed.
2026-05-28T11:18:44.649+01:00  INFO 22768 --- [terrarent] [restartedMain] o.s.b.a.h2.H2ConsoleAutoConfiguration    : H2 console available at '/h2-console'. Database available at 'jdbc:h2:mem:terrarentdb'
2026-05-28T11:18:44.914+01:00  INFO 22768 --- [terrarent] [restartedMain] o.hibernate.jpa.internal.util.LogHelper  : HHH000204: Processing PersistenceUnitInfo [name: default]
2026-05-28T11:18:45.089+01:00  INFO 22768 --- [terrarent] [restartedMain] org.hibernate.Version                    : HHH000412: Hibernate ORM core version 6.4.1.Final
2026-05-28T11:18:45.182+01:00  INFO 22768 --- [terrarent] [restartedMain] o.h.c.internal.RegionFactoryInitiator    : HHH000026: Second-level cache disabled
2026-05-28T11:18:45.797+01:00  INFO 22768 --- [terrarent] [restartedMain] o.s.o.j.p.SpringPersistenceUnitInfo      : No LoadTimeWeaver setup: ignoring JPA class transformer
2026-05-28T11:18:45.894+01:00  WARN 22768 --- [terrarent] [restartedMain] org.hibernate.orm.deprecation            : HHH90000025: H2Dialect does not need to be specified explicitly using 'hibernate.dialect' (remove the property setting and it will be selected by default)
2026-05-28T11:18:49.109+01:00  INFO 22768 --- [terrarent] [restartedMain] o.h.e.t.j.p.i.JtaPlatformInitiator       : HHH000489: No JTA platform available (set 'hibernate.transaction.jta.platform' to enable JTA platform integration)
2026-05-28T11:18:49.535+01:00  INFO 22768 --- [terrarent] [restartedMain] j.LocalContainerEntityManagerFactoryBean : Initialized JPA EntityManagerFactory for persistence unit 'default'
2026-05-28T11:18:50.340+01:00 DEBUG 22768 --- [terrarent] [restartedMain] c.t.config.JwtAuthenticationFilter       : Filter 'jwtAuthenticationFilter' configured for use
2026-05-28T11:18:50.938+01:00  INFO 22768 --- [terrarent] [restartedMain] o.s.d.j.r.query.QueryEnhancerFactory     : Hibernate is in classpath; If applicable, HQL parser will be used.
2026-05-28T11:18:53.409+01:00  WARN 22768 --- [terrarent] [restartedMain] JpaBaseConfiguration$JpaWebConfiguration : spring.jpa.open-in-view is enabled by default. Therefore, database queries may be performed during view rendering. Explicitly configure spring.jpa.open-in-view to disable this warning
2026-05-28T11:18:54.216+01:00  INFO 22768 --- [terrarent] [restartedMain] o.s.s.web.DefaultSecurityFilterChain     : Will secure any request with [org.springframework.security.web.session.DisableEncodeUrlFilter@2cadb704, org.springframework.security.web.context.request.async.WebAsyncManagerIntegrationFilter@254ebf04, org.springframework.security.web.context.SecurityContextHolderFilter@496f8ad6, org.springframework.security.web.header.HeaderWriterFilter@2f90dec, org.springframework.web.filter.CorsFilter@fd293d6, org.springframework.security.web.authentication.logout.LogoutFilter@39684cae, com.terrarent.config.JwtAuthenticationFilter@19953efa, org.springframework.security.web.savedrequest.RequestCacheAwareFilter@3de0a1a6, org.springframework.security.web.servletapi.SecurityContextHolderAwareRequestFilter@60f77fa6, org.springframework.security.web.authentication.AnonymousAuthenticationFilter@157c5086, org.springframework.security.web.session.SessionManagementFilter@669b4276, org.springframework.security.web.access.ExceptionTranslationFilter@4c2c7ecf, org.springframework.security.web.access.intercept.AuthorizationFilter@705a675]
2026-05-28T11:18:55.226+01:00  WARN 22768 --- [terrarent] [restartedMain] o.s.b.d.a.OptionalLiveReloadServer       : Unable to start LiveReload server
2026-05-28T11:18:55.282+01:00  WARN 22768 --- [terrarent] [restartedMain] ConfigServletWebServerApplicationContext : Exception encountered during context initialization - cancelling refresh attempt: org.springframework.context.ApplicationContextException: Failed to start bean 'webServerStartStop'
2026-05-28T11:18:55.293+01:00  INFO 22768 --- [terrarent] [restartedMain] j.LocalContainerEntityManagerFactoryBean : Closing JPA EntityManagerFactory for persistence unit 'default'
2026-05-28T11:18:55.311+01:00  WARN 22768 --- [terrarent] [restartedMain] o.s.b.f.support.DisposableBeanAdapter    : Invocation of destroy method failed on bean with name 'inMemoryDatabaseShutdownExecutor': org.h2.jdbc.JdbcSQLNonTransientConnectionException: Database is already closed (to disable automatic closing at VM shutdown, add ";DB_CLOSE_ON_EXIT=FALSE" to the db URL) [90121-224]
2026-05-28T11:18:55.312+01:00  INFO 22768 --- [terrarent] [restartedMain] com.zaxxer.hikari.HikariDataSource       : HikariPool-1 - Shutdown initiated...
2026-05-28T11:18:55.316+01:00  INFO 22768 --- [terrarent] [restartedMain] com.zaxxer.hikari.HikariDataSource       : HikariPool-1 - Shutdown completed.
2026-05-28T11:18:55.351+01:00  INFO 22768 --- [terrarent] [restartedMain] .s.b.a.l.ConditionEvaluationReportLogger : 

Error starting ApplicationContext. To display the condition evaluation report re-run your application with 'debug' enabled.
2026-05-28T11:18:55.474+01:00 ERROR 22768 --- [terrarent] [restartedMain] o.s.b.d.LoggingFailureAnalysisReporter   : 

***************************
APPLICATION FAILED TO START
***************************

Description:

Web server failed to start. Port 8081 was already in use.

Action:

Identify and stop the process that's listening on port 8081 or configure this application to listen on another port.

